id,W,d_over_W,H_over_W,sigma,H,r,peak_vm,n_nodes,n_elems,t_mesh,t_solve,peak_theory,err_vs_theory_pct,kt_gross,ok
0,197.79164615320215,0.4251025047021115,2.8771414020800887,134.1953947956411,569.0745341329529,42.04086209444,518.3053387420912,706,1310,0.04779899981804192,0.07587280008010566,516.6391570333956,0.32250395387430947,3.8623183718889185,True
1,80.98681517129573,0.33441096994176345,2.3852388602980095,170.78209035420846,193.17289871834697,13.541439706963665,593.581150510019,727,1353,0.03813480003736913,0.08571050013415515,591.5315760607189,0.34648605961988144,3.4756639251745276,True
2,172.40206409142542,0.101547326327947,2.125629201975767,195.06098525167272,366.4628619136317,8.753484330951805,591.3938576817361,882,1648,0.046460899990051985,0.10061009996570647,590.1629994078097,0.2085624268484279,3.0318408210576013,True
3,191.3698588831887,0.10767975727402812,2.996556585801173,172.81591419173228,573.4506109602602,10.303329977053387,524.6873129817283,920,1716,0.05077009997330606,0.1071747001260519,523.5855848679206,0.21041987129679823,3.036105299883487,True
4,150.7823581298178,0.30377128223475314,2.6181723688280076,81.2552503401317,394.77420376221806,22.901675133737253,274.47404714586287,762,1419,0.037805499974638224,0.11225850018672645,273.56775478592874,0.33128625142364315,3.377923838729484,True
5,78.65386771638805,0.4422404633143415,2.773029301975605,105.81603183180167,218.10947989125714,17.39196145018019,418.67238730201205,696,1292,0.03438770002685487,0.09897799999453127,417.2362842398463,0.34419419317333166,3.956606386142949,True
6,91.25102631040967,0.4513124125814666,2.838533278996273,138.49342943513193,259.01907492466233,20.591360417342937,555.5104968128798,684,1267,0.04970590001903474,0.07690429990179837,553.3367709279835,0.39283958686692455,4.011096404202134,True
7,124.37839947111054,0.0726426279710409,2.6842552378440923,163.55487354013488,333.86337025499336,4.517586900206696,492.5522866675278,970,1813,0.04859380004927516,0.10589439980685711,492.3019382048909,0.05085262583969654,3.0115414845566186,True
8,180.2143844498607,0.3220832931322843,2.8475304441887244,109.67157929613735,513.1659462017094,29.02202120670933,376.5512365080326,749,1393,0.03617019997909665,0.0880517999175936,375.3944245120015,0.30815907762480743,3.433444096681252,True
9,160.64181098925303,0.24913593278319834,2.219773090650949,134.7995279007976,356.5883692673798,20.0108237123949,436.81801832786545,775,1447,0.05520579987205565,0.12320809997618198,435.1198756148325,0.39027008606155794,3.2405010991531875,True
10,109.07879873135788,0.347075294811774,2.945299734897998,182.2531450037927,321.26975698646044,18.9292781137001,641.4650422792996,753,1400,0.03557270020246506,0.07737200008705258,639.3760518145805,0.32672328886740043,3.519637711963493,True
11,144.72348362780468,0.20713785603912643,2.2026125216209698,124.65675078441046,318.76975721121,14.988856058588539,393.8078618622406,798,1489,0.03954010014422238,0.09352219989523292,392.28847434667273,0.38731383023635807,3.1591378676580275,True
12,133.2644506294435,0.16783711138237584,2.4388000917975248,160.84889565953736,325.0053544284335,11.183360221802518,498.5179112679684,851,1589,0.04083549999631941,0.09275620011612773,496.8592786746783,0.3338234112713562,3.099293341268329,True
13,75.28983058714971,0.052850817114533585,2.1502948346213735,104.33289064534671,161.8953338110663,1.9895645334728331,313.4390488443514,977,1828,0.062106900149956346,0.10965800005942583,313.3430896819765,0.03062431102990567,3.0042208828451638,True
14,165.3557517914246,0.26034406646182123,2.4008602030018724,128.2828204889696,396.9960438134869,21.524694417115533,418.88041444136877,770,1435,0.03830099990591407,0.08774390001781285,417.32056101435796,0.37377823494230866,3.2652884684382677,True
15,124.72642358534934,0.4637880067072356,2.717434763893519,111.9852501713876,338.93591942693683,28.923309689185754,457.54461041134687,687,1275,0.03268529986962676,0.07151650008745492,455.90332911557914,0.36000642920324755,4.085757809274869,True
16,122.35113943519991,0.1640508892697039,2.5884407928392545,78.30440748529061,316.69868036443506,10.035906613753042,242.29869501627465,853,1592,0.04182559996843338,0.09988659992814064,241.50944183073574,0.32680013648992934,3.094317456674328,True
17,91.91568550316049,0.3657034771748454,2.96878541532718,189.13872070344132,272.8779465615828,16.80694289770766,679.1169709221351,722,1339,0.03570000012405217,0.07890790002420545,676.8843080701465,0.32984408492998085,3.5905761041228126,True
18,117.70052356974246,0.31584472723136064,2.443941697258311,109.05779241619669,287.6532173412282,18.58754488093682,372.55457762680834,747,1391,0.039487000089138746,0.08415950019843876,371.14474858194393,0.37985962357032715,3.4161206583481007,True
19,114.27889687391266,0.41420213756837293,2.7884429678476588,63.23241526863404,318.6601863614495,23.667281682065138,240.77918176147824,699,1296,0.034531099954620004,0.07452300004661083,239.92834555904363,0.3546209600420997,3.8078441371970637,True
20,132.42699610435417,0.39136712591235195,2.688185979615334,77.12495406201384,355.98839425029934,25.91378642928366,285.1993106912488,709,1317,0.04259010008536279,0.10530920000746846,284.34340169721423,0.30101243388302257,3.6978862958145644,True
21,127.89682030976127,0.292059478462651,2.9972776406494037,100.48071841546229,383.342279824602,18.676739318350133,336.0478202379135,776,1443,0.048586699878796935,0.08927339990623295,334.954129996985,0.3265194075792953,3.344401050641786,True
22,169.59742195093528,0.24957452985120349,2.114847687897287,90.84555194373834,358.67271568627604,21.163598423690427,294.64724400354993,780,1457,0.0397172998636961,0.09347110008820891,293.3276401938695,0.4498736664598836,3.243386579741716,True
23,95.21753812141964,0.18752854044825656,2.214698487910852,148.00545761103217,210.87813770010197,8.928002974493026,462.97087410336155,830,1551,0.03959570010192692,0.08981489995494485,461.1842034283467,0.3874093392039753,3.1280662319904358,True
24,84.16934623452252,0.27721055753630774,2.6758819940978795,65.60571535031758,225.22723804394897,11.666315698569257,216.8813006169058,777,1447,0.04862220003269613,0.09394930000416934,216.1165758529334,0.35384826959908355,3.3058293695726912,True
25,144.57279870330095,0.23058513178978518,2.4397341300385404,99.50462354339784,352.71919127163494,16.668168921109366,318.5524008590951,792,1477,0.042104799998924136,0.11393360001966357,317.3780470359974,0.3700173449502975,3.20138290579193,True
26,62.270974873444786,0.2926773994148784,2.499550638497856,144.60916376572322,155.64945500480286,9.112653492494529,483.8810741802646,760,1416,0.04779090010561049,0.10004419996403158,482.30354028932396,0.3270832078060838,3.346130090097092,True
27,63.48650526529851,0.44559382892155525,2.4195442237101665,107.41964549528072,153.6084070981981,14.14459748300642,427.3814170169934,676,1255,0.03302739979699254,0.08449180005118251,425.6112448739553,0.41591291685969106,3.9786150386780936,True
28,173.63716607261892,0.05018935119397615,2.951823227217061,189.22150785738614,512.5462199213027,4.357368354172715,568.1941488488959,1006,1877,0.04782869992777705,0.10999040002934635,568.1628505096597,0.005508691602785609,3.0027989697510318,True
29,139.69380726582307,0.39977624166982206,2.9825679069602247,173.80590367389465,416.6462663521309,27.923132626639614,649.5170696840621,721,1338,0.03405190003104508,0.10979719995521009,647.4432414406971,0.3203104319616227,3.7370253596375305,True
30,151.6182262843522,0.2621075690293003,2.42891555567886,148.93762888967441,368.2678683465005,19.87014235596296,486.9300606899895,777,1449,0.0395686998963356,0.11923049995675683,485.1262904942336,0.3718145627437015,3.2693555303655537,True
31,75.67417401565933,0.30447770413133995,2.262670138787667,194.7283213716701,171.22569382265397,11.520549383161729,658.449221301084,736,1371,0.05292859999462962,0.10965680005028844,656.0086673493344,0.3720307479489428,3.381373683411611,True
32,87.14552358451884,0.17663555994252006,2.1848294070314633,72.66123198224348,190.3981026186107,7.696499177417786,226.0870722974966,815,1522,0.03992739995010197,0.09812929993495345,225.2905433497346,0.35355631706453394,3.1115226941479115,True
33,72.65865144044194,0.4660939085879593,2.809409084508519,196.99657941934555,204.12787542491557,16.932877421302873,807.7980285986637,676,1252,0.040201100055128336,0.09325300017371774,804.8452244881798,0.3668785029272675,4.100568806725869,True
34,96.12580171014619,0.3121329634533757,2.24821726477275,91.23759050001163,216.1116869948726,15.00201567605975,310.65652438999854,729,1357,0.035503000020980835,0.08295069984160364,309.4558945654037,0.3879809193103244,3.404918112013917,True
35,70.71186783368266,0.40032918185254046,2.990062173545025,71.96424079214358,211.43288123020972,14.154012098561576,269.1206595829635,718,1332,0.03425200004130602,0.0906352000311017,268.25858541811675,0.3213593941469261,3.739644254154957,True
36,70.57371148385202,0.30907986095160866,2.6866684310026576,176.52189913962928,189.60816270235495,10.906456466133966,599.1998299809189,746,1387,0.06930329999886453,0.08019819995388389,597.0874247242534,0.35378491811999907,3.3944787185127114,True
37,191.2585523955573,0.3406902745640538,2.6271737080758055,66.21557588422404,502.46944029824704,32.57996436418294,231.55132199899248,732,1361,0.04666140000335872,0.1009545000270009,230.78725561246512,0.3310695750940299,3.4969313323477405,True
38,122.8403651275402,0.4133506837354074,2.5188914242588645,130.89916398604402,309.4215422725887,25.388074457887917,497.97807968139296,695,1290,0.03552919998764992,0.07579000014811754,496.1299172449203,0.37251582140737577,3.8042877014438803,True
39,126.88062727026254,0.2913532598143887,2.973273005385713,152.18470287621233,377.250743969078,18.483542181242708,508.79117502083386,770,1431,0.05566529999487102,0.09492359985597432,507.01473869232643,0.3503717333916462,3.3432478127232454,True
40,154.06491626756616,0.35153779466968804,2.4857697860091053,184.9943881165736,382.96991394193867,27.079820450335177,654.2845971103534,729,1356,0.03633969998918474,0.08464280003681779,652.0164087592614,0.3478728940899225,3.536780784388217,True
41,142.9423206542852,0.11193308497226193,2.8281702102568675,167.92876227919035,404.26521305943436,7.999987461964208,510.3731347807592,901,1680,0.04794010007753968,0.10041089984588325,509.3001387198729,0.21068049649137358,3.0392240605706196,True
42,84.73560055500482,0.23812119527221864,2.18370908216186,186.57274143061522,185.03790051440356,10.088671243133511,600.2122366490667,783,1462,0.04266709997318685,0.13457709993235767,597.8993832354525,0.3868298711228652,3.217041417983775,True
43,169.30416488732052,0.38032878039347795,2.0998353921824178,154.09326340709117,355.5108774742834,32.19562327356545,563.711857030816,696,1296,0.09889840008690953,0.2370100999251008,560.7041107641488,0.5364230810735577,3.6582511432805096,True
44,184.39908641159957,0.32540343099617486,2.185108322733745,58.88770879708146,402.93197842248526,30.002047695447313,203.02408469938302,732,1365,0.07511910004541278,0.19906029989942908,202.19879880815935,0.40815568444928313,3.447647885214463,True
45,154.51528905127702,0.31014794901213594,2.3064811416396136,76.65261064222537,356.3866002917643,23.961299995135455,260.54396904539647,735,1369,0.07299540005624294,0.1793776999693364,259.5250900645552,0.39259363346636506,3.3990227712071097,True
46,146.83191825950445,0.44885225243157456,2.721626342271126,176.13582999979076,399.62161662126806,32.95291861981371,702.5141106474452,686,1272,0.06995810009539127,0.1655724998563528,701.1936206989443,0.18832030262692565,3.9884792926474972,True
47,100.21544945441113,0.3072818927678347,2.5460631868494663,179.41385441374914,255.1548666094496,15.397196496465359,607.9669141191455,753,1403,0.08020830014720559,0.18799469992518425,605.9044095777127,0.34040097890527465,3.3886285766822852,True
48,149.02281388946238,0.0806759992975438,2.9398467156833754,86.87310975377633,438.1042299748309,6.011282214332133,262.1681423775513,948,1768,0.09667130000889301,0.2437356999143958,261.8033989037572,0.13931960979932254,3.0178284525627332,True
49,117.87608640918708,0.09235644708162315,2.3588035653342856,170.40345144906502,278.04653288964283,5.443308268319462,515.4208592176759,916,1711,0.09434790001250803,0.23835729993879795,514.5910593740526,0.1612542286748324,3.0247090351438066,True
50,123.17116332264624,0.3848126781082726,2.4954992588137976,54.328415374617315,307.3735467788969,23.698912611949467,199.47219795872698,715,1330,0.07190189999528229,0.1758116001728922,198.7308935447521,0.373019212439637,3.6715997803963565,True
51,113.33804891972085,0.31539665478650053,2.5788681777822133,173.64835119895807,292.28388769099183,17.873220744654354,592.7712202426912,757,1410,0.07393079996109009,0.18764870008453727,590.7172460439186,0.34770852087495996,3.4136299950439613,True
52,184.72294344935202,0.39762215153077074,2.016305737564357,78.41283250861686,372.4579307367048,36.72496710571412,293.2498093274563,688,1282,0.07381420000456274,0.16462199995294213,291.3145088227581,0.6643337170259798,3.7398191079914227,True
53,156.2920314087676,0.10453814396321798,2.045284592870384,95.03915239941267,319.6616838287665,8.169239439856767,288.3833391822166,885,1654,0.0899708999786526,0.20864430000074208,287.73466809678524,0.22544071234863533,3.0343635428297318,True
54,67.26165191478198,0.07559431078835735,2.1450724374489933,78.59036327092626,144.28111561968714,2.54229910949217,236.9066639991057,925,1729,0.09191860002465546,0.22068380005657673,236.65755321228556,0.10526213232529669,3.014449280281505,True
55,184.13786718315066,0.42598013717959177,2.9003371357872365,120.95665651144296,534.0618942959497,39.219536961317985,467.73860381000407,705,1308,0.07149609993211925,0.1548111999873072,466.2267897007326,0.3242658171234445,3.8669934942005795,True
56,160.89989752823652,0.4766338362068096,2.3829751405086137,133.76672029365096,383.420455920171,38.34516770208297,558.2319723185319,659,1222,0.06290270015597343,0.15945599996484816,555.6363723027744,0.4671400479058585,4.173175294221724,True
57,130.33124348436465,0.4270523461683121,2.710859660402936,60.43713285210256,353.3097104519171,27.82913165451573,234.06133669107032,697,1294,0.07982919993810356,0.15746590006165206,233.29522365125683,0.32838779458199285,3.872806760437305,True
58,149.04472753229996,0.08123178085104454,2.3500669767784,175.72934586265805,350.2650922365925,6.053584321953718,530.3493260477402,933,1744,0.10311009990982711,0.2517758999019861,529.6306314217443,0.13569733005559734,3.0179895306856532,True
59,171.65456657578227,0.14819685644783653,2.504982163216023,86.13362840048514,429.9916275069119,12.719333580723402,264.91168826822155,865,1615,0.09054729994386435,0.2179183999542147,264.0773815067434,0.3159326848508818,3.07558955993928,True
60,116.72387999391643,0.2129914323102537,2.3967673592580336,164.97038456141013,279.7599856153707,12.430593192357213,522.611409467464,808,1508,0.08109809993766248,0.2019768999889493,520.812432921068,0.3454173580891988,3.167910475912858,True
61,156.655157785102,0.060859517470800796,2.7713968928426613,57.43811426460895,434.1536175334085,4.766978656056735,172.70972529715482,974,1818,0.10084379999898374,0.2434183000586927,172.63846667583027,0.041276213057632655,3.0068836261146474,True
62,163.967614233923,0.31485835306113197,2.30034806897442,94.71987640523714,377.1825847773474,25.813286486528007,323.26809623240314,737,1373,0.0875647000502795,0.19916189997456968,322.0602590501537,0.37503453105691215,3.4128855368156854,True
63,66.51645443650932,0.4427384721966719,2.6977633376370025,68.78809785796348,179.44565212841698,14.724696706579838,272.3925677172448,685,1270,0.06765339989215136,0.17576800007373095,271.4277050411476,0.3554768574383104,3.9598793424945735,True
64,70.38568037312065,0.22275262486406566,2.9289334411430445,184.31083495043652,206.15497302243872,7.8392975279778865,587.1612083084551,805,1498,0.08014909992925823,0.19410459999926388,585.1199800980812,0.3488563508003502,3.185711835478094,True
65,194.37953574581303,0.35607890111429463,2.9346896653260757,95.87841921005433,570.443614704118,34.60722574373793,340.6015111749912,746,1387,0.07027849997393787,0.167511299951002,339.5548194422259,0.3082541235858893,3.552431443709846,True
66,128.19106413385174,0.31767551072476913,2.3847152799176623,56.12695799072119,305.69918938890123,20.361580884536494,192.03095657334285,753,1404,0.083929100073874,0.1942329998128116,191.33186015239193,0.36538421797295384,3.4213676181254837,True
67,76.36383139108685,0.34249048339264854,2.775944604590836,99.32380377935962,211.98176573597186,13.076942763424022,347.9317666609872,737,1369,0.07391329994425178,0.1896907000336796,346.8133880434866,0.3224727349223178,3.5030048530349434,True
68,193.27252652943218,0.2315339852827501,2.1793192854732006,100.64095543147519,421.2025444177224,22.37457915651274,322.5863591562532,784,1463,0.08756630006246269,0.18873439985327423,321.1895982863668,0.43487114070271987,3.2053189258114414,True
69,85.43548124642672,0.11412296319334,2.8271249950577655,101.47233025597666,241.53678449656195,4.875075140845623,308.578037623093,902,1682,0.09014390013180673,0.22310589998960495,307.9172337697117,0.21460437445846856,3.0410067142901545,True
70,64.05391349131821,0.16556832571568159,2.2817632551288956,157.96259186362516,146.15586615169494,5.302649606147332,489.1603879024834,841,1571,0.08348649996332824,0.20400839997455478,487.4918456903295,0.3422707942511557,3.0966849944117993,True
71,175.980027428756,0.12136268190843356,2.9509507458800726,56.543957879231066,519.3083932008831,10.678704045536763,172.3303986156202,901,1680,0.10782399983145297,0.22351919999346137,171.9097333741846,0.24470123545590722,3.047724373728677,True
72,105.84667458717954,0.43695424764369334,2.4171665414462113,187.39220572003023,255.84904033547534,23.125077029913935,736.2334075694077,684,1270,0.06960169994272292,0.18620420014485717,733.3627795417724,0.3914335589036854,3.9288368731267473,True
73,193.71052213833747,0.15210539908628906,2.422156425048402,81.66460202841085,469.1971857968548,14.732208138532627,251.44057868929062,847,1581,0.09168770001269877,0.24424370005726814,250.72644903845455,0.2848242192137229,3.0789420684596642,True
74,62.10286010471788,0.3799390883538769,2.6692205224592285,143.65362750860066,165.76622869492743,11.797652026177431,524.2683646692615,715,1328,0.07994870003312826,0.30559729994274676,522.4798050863234,0.34232128505762793,3.649530984784029,True
75,166.71094051035908,0.1570394515062141,2.8934639319640523,109.17286656947144,482.37209343052876,13.090097328915938,336.78510720763893,854,1590,0.1253392999060452,0.2326567000709474,335.79697833744893,0.29426377660760433,3.0848792176151933,True
76,120.77993989982284,0.17984174028548294,2.8186149105038996,178.90406550931445,340.4321394914055,10.860637291580089,557.3199363240029,857,1599,0.09774290001951158,0.22740729991346598,555.4927782347231,0.3289256243953798,3.1151887730297925,True
77,84.04269513554988,0.19213710421507074,2.949522122725976,77.53746659471076,247.88578855581915,8.073860036887282,242.95530727027608,835,1556,0.0881052000913769,0.2203237998764962,242.14160499724508,0.33604397436791406,3.1333923835841357,True
78,68.22744020832596,0.2239846196854482,2.8046336075501737,170.70087566533812,191.352971765391,7.640948623586773,544.2043467645105,812,1513,0.08009759988635778,0.21765729994513094,542.3064406761055,0.3499693062909078,3.1880583192287317,True
79,80.10687502883823,0.4240914154945448,2.8157031235254286,106.4076713109927,225.55717823456098,16.986319010912307,410.43497199364083,694,1287,0.06880940007977188,0.1637273000087589,409.09861069386744,0.3266599457541055,3.8571934423231746,True
80,119.23171127726465,0.16183359030726496,2.9756716387949953,165.7196847815255,354.79442169274984,9.647847957239476,512.3301474771756,867,1616,0.0833095998968929,0.2215493000112474,510.66957112677767,0.3251762870331068,3.091546717293119,True
81,71.5012015315717,0.16805633569674794,2.177195608172053,192.87009165859013,155.67210195356276,6.00811496365532,597.9466801191052,822,1535,0.08726100018247962,0.20444129989482462,595.8259795133323,0.35592617285755906,3.100256110094888,True
82,77.55139153190254,0.3050203299736179,2.5232651068376897,184.66963931103115,195.68272023915756,11.827375517487074,624.4881581352349,742,1381,0.07329029985703528,0.178079399978742,622.4171900385327,0.3327299004344715,3.3816503918299006,True
83,165.6027282619654,0.3097126764192533,2.5398678971626985,102.25784303891872,420.60905319512386,25.644632096171815,347.2523568630048,747,1391,0.07510660006664693,0.20051780017092824,346.08316283831437,0.3378361475610669,3.395850592417079,True
84,179.8266865952478,0.4911234279672778,2.6019155067811766,54.35960902659491,467.89384438525394,44.15854938032771,232.26866716212282,659,1221,0.07199340010993183,0.17367180017754436,231.20080110669076,0.46187818135599,4.272817103016463,True
85,190.7407628897947,0.28356850388934096,2.646199115823915,138.56094769933006,504.73803811055376,27.044036381685306,460.2988601416239,763,1419,0.0924114000517875,0.17648379993624985,458.72566427618773,0.34294917157479515,3.321995611205317,True
86,114.63043262535186,0.23009219832245764,2.607053972937183,153.61199249692413,298.84772479543165,13.18778411871079,491.65415627670666,805,1501,0.08602300006896257,0.1859554999973625,489.8101428513316,0.3764751408863264,3.200623520891778,True
87,86.37738937464984,0.430657227861096,2.808383834299976,129.77430630438607,242.5808639688011,18.599523528982594,505.16517451724695,699,1297,0.06873780000023544,0.1683414001017809,503.43150296083246,0.3443708918131359,3.8926439978987855,True
88,176.82090691439384,0.21354240626868476,2.272534014847019,52.921605233673034,401.83152549905844,18.879380970555392,167.72678795338618,799,1492,0.08427980006672442,0.20303189987316728,167.12494612009942,0.3601149004136459,3.1693443011185294,True
89,186.4530507253991,0.3092903398775696,2.3785078467844247,50.66006098377161,443.4800442072561,28.834063715034205,171.99559447435658,750,1398,0.07725810003466904,0.17371369991451502,171.39032247464277,0.3531541285263391,3.395092527216923,True
90,77.92962692700338,0.055346119885174495,2.6588828964340996,133.5368436482134,207.20575216169956,2.1565512372544258,401.32963594056287,983,1834,0.10513070016168058,0.23864260013215244,401.1416087273811,0.04687302665467646,3.005385068092646,True
91,110.72789914009432,0.3819116262646443,2.5332256785838583,176.3493152880037,280.4987574373305,21.144136016730467,645.0320926800779,712,1324,0.0888559001032263,0.1690466001164168,642.8764743931562,0.33530831703812247,3.657695475747371,True
92,111.05329071383404,0.2543457350536873,2.8942374678529292,168.9094197588635,321.41459491234224,14.122965428370472,549.1995268157195,802,1493,0.08453479991294444,0.19845529994927347,547.1702734136157,0.3708632395988812,3.251444043794369,True
93,171.5290131175119,0.3207585020089081,2.772842388351375,176.72783249411867,475.622918404316,27.509694649319734,606.3605232485129,756,1406,0.08064970001578331,0.18673729989677668,604.1725217525376,0.3621484621029291,3.431041475986483,True
94,178.58894215512737,0.24240294318326056,2.5036166801772226,113.6405471436984,447.118254474782,21.645242599193974,366.44524848067863,797,1487,0.0751014999113977,0.20086790015920997,365.18492844479067,0.34511830519821,3.2245994734371424,True
95,94.0825809708646,0.11617873700592268,2.2512196985060906,109.32809456538132,211.80055956790466,5.465197715726252,332.72610516056443,875,1634,0.08545890008099377,0.24234210001304746,331.93009217996155,0.23981344245562097,3.043372396484828,True
96,85.84730967371269,0.10085601580478407,2.0432822397639963,156.65732080099943,175.41028318781704,4.32910881062508,474.81402996973185,891,1666,0.09553669998422265,0.2065121999476105,473.90055234923113,0.19275723903937253,3.030908658095107,True
97,124.24341299918962,0.18596725984436413,2.817362926116009,101.13171174824973,350.0387855980366,11.552603534585472,316.0255106430995,848,1581,0.08544679987244308,0.21452499995939434,314.8944804510613,0.3591775220759845,3.1248903551617073,True
98,155.2576438800043,0.2562412566357026,2.8609876973141115,71.83185230572374,444.1902090546679,19.89170688505535,233.82468319569648,793,1477,0.08523700013756752,0.19819959998130798,233.0016474787555,0.3532317156753241,3.2551671116667658,True
99,183.0844440684325,0.36621708843859513,2.7845414519182015,92.83365288093981,509.8062237099498,33.52432602257009,333.5280907838388,721,1339,0.07304610009305179,0.1845350000075996,332.419500531903,0.3334913415614825,3.592749831912704,True
100,139.19773016519804,0.39338670114701796,2.5152187059645685,141.48341173835058,350.1127347393146,27.379267938420004,524.6360799146353,711,1323,0.07550919987261295,0.16159909986890852,522.9017352530705,0.3316769757372181,3.708110183862827,True
101,165.14041514790273,0.20170435998906155,2.843716091562136,127.42446551305086,469.61245592334245,16.65477087286782,401.2422802591911,827,1541,0.08025159989483654,0.20127329998649657,399.8522032780616,0.3476476982578504,3.148863749544986,True
102,195.225101265538,0.17735040287128662,2.7463343152638933,158.20248124766619,536.1533948064156,17.311625180015447,492.2755715597381,839,1564,0.08230510004796088,0.1955415999982506,490.6706503427209,0.3270872663560075,3.1116804722492315,True
103,171.4273382982222,0.17874633497049652,2.693971000496796,138.76387579129383,461.8202780677643,15.321004217277325,432.1092669365838,837,1560,0.08241809997707605,0.2129216999746859,430.6474925313095,0.3394364139175899,3.1139896062466046,True
104,100.15997693747667,0.2206504544266885,2.151801795772787,123.21340426593036,215.52441823862324,11.050172213310434,392.25164467508176,797,1489,0.08046440011821687,0.21341430000029504,390.678613257711,0.40264078042406726,3.1835143831306585,True
105,195.00812233449415,0.4216837267802774,2.7629945701658714,107.74225131244785,538.8063831484493,41.115875889216866,414.3692764370729,699,1296,0.06937950011342764,0.1790362000465393,412.8886915991504,0.3585917628763646,3.8459311123490454,True
106,98.41517047512932,0.13648933318511325,2.5357614471793726,158.62258867356155,249.55739510841858,6.716310496724823,485.7446341354388,862,1608,0.09407350001856685,0.23953689984045923,484.41866227878734,0.2737243545518774,3.062266466569149,True
107,85.05198752837855,0.29893956626586127,2.0110722045698277,142.58418374013434,171.04568806174174,12.712702130891463,480.61248406996725,739,1379,0.07685779989697039,0.18327890010550618,478.0574018178907,0.5344718526186251,3.3707278848396234,True
108,139.282263090243,0.11892290890160508,2.301959848700453,56.26973268339214,320.62217726987245,8.281925942545179,171.34605556059782,868,1621,0.09914119984023273,0.20534260012209415,170.96328224941394,0.22389211656890415,3.0450838735043457,True
109,115.70251068489722,0.21762296105441314,2.565254811871671,87.55549822331355,296.80642228006604,12.589761488338604,278.08910428701444,810,1511,0.08251450001262128,0.2073075999505818,277.1337934445005,0.3447110619893605,3.1761466718827625,True
110,100.48084164603333,0.3136301541534015,2.836265378908065,114.17104377636966,284.990332404188,15.756910927454479,389.17208331326066,752,1397,0.08142459997907281,0.18977349996566772,387.7643017803297,0.3630508343515587,3.4086758817370892,True
111,185.26209377481553,0.13518054288622341,2.5290197952151012,116.65826845910344,468.53150245950485,12.521915206358997,357.05322450880635,873,1630,0.08584939991123974,0.20168179995380342,356.1163667942229,0.26307628683766054,3.06067653176232,True
112,148.3323699559012,0.4313226609635326,2.5079576494484197,197.01737814329496,372.0113018917154,31.989556258203233,767.7640539689621,688,1278,0.0704848999157548,0.16479820013046265,764.9900280924213,0.3626224884863027,3.896935697776624,True
113,135.5006590400859,0.11877209246910987,2.740908278994176,111.92247001566795,371.3948781721385,8.046848402567205,340.67219708704124,893,1666,0.09196089999750257,0.23659609979949892,340.0382937208063,0.18642117018603702,3.0438230771653876,True
114,129.30279619486242,0.3215936477108937,2.506215919051659,96.85453874868384,324.0607262014565,20.791478943762037,332.5607309957013,744,1385,0.07321010017767549,0.18549969978630543,331.3710987346458,0.3590030227736159,3.433610187939907,True
115,198.23986215900578,0.09718469138540073,2.468053975546442,198.7547986051228,489.2666799133129,9.632939912103678,601.8052439162739,913,1706,0.09339109994471073,0.22558590001426637,600.7840341242505,0.16997951576924586,3.0278778079311373,True
116,98.69907758978695,0.19638510082493493,2.0953507668447546,113.00891083854566,206.80918791463003,9.691514151899193,355.0989569408408,816,1526,0.08394240005873144,0.2031349998433143,353.65705433883875,0.4077120997056621,3.142220859452101,True
117,143.4192185414112,0.4561212412676989,2.5485959656092594,139.4788746905776,365.5176417654733,32.70827599137593,563.6747255068098,673,1248,0.07261890009976923,0.1522655999287963,561.2718039760956,0.4281208344498414,4.041291032475532,True
118,135.86330954633232,0.14308965742555724,2.625721924454219,187.95429430943588,356.73927060471493,9.720317209843566,576.9450893034884,860,1604,0.0851910999044776,0.2156565000768751,575.2363178675824,0.29705555487881086,3.0696031257133347,True
119,166.62009355008462,0.4794750556038335,2.4793653708825816,106.03822836551217,413.11209004129597,39.945089309821384,444.45726201280775,662,1227,0.06459530000574887,0.15614599990658462,442.46937932011014,0.44927011576533327,4.191481401224191,True
120,95.36277036467999,0.40405206716298636,2.091411693751591,122.55244386330241,199.44281308923942,19.265762248119064,461.5688587471518,676,1257,0.06795980012975633,0.15442500007338822,458.97750940035604,0.564591792347583,3.766296649799946,True
121,141.19495162320118,0.24556171998012943,2.8355258673249097,173.56616106976938,400.3619376632762,17.336037586552223,560.8659621767088,794,1478,0.08274769992567599,0.20656329998746514,558.9164226130474,0.34880699238481033,3.2314245975127274,True
122,85.53985588936291,0.3669954026448056,2.1652979978188895,196.30280772766983,185.21927869095387,15.696366927147695,706.6993732645135,708,1319,0.07120410003699362,0.1814220999367535,703.5303224864182,0.45044977832586464,3.600047199757402,True
123,106.38865937208706,0.19520770363167916,2.203212567778014,191.81762834246004,234.39683139763642,10.383942944239019,602.0989611249161,803,1499,0.07971680001355708,0.21182560012675822,599.9332444353583,0.3609929454061224,3.1389135937493897,True
124,99.97960145267481,0.3264682943835765,2.53863934266555,106.77308911330898,253.81214971178207,16.320084979702248,368.1846191939354,740,1377,0.08290390018373728,0.17783379997126758,366.99133297523304,0.32515378742824796,3.448290409610732,True
125,159.9968612036125,0.36235111870097436,2.244078942802705,127.62445506122255,359.0455871415538,28.987520822886754,456.8485433686834,716,1334,0.07518500019796193,0.19087869999930263,455.057880473271,0.39350222735404394,3.579631686964142,True
126,101.78716148393632,0.3142400583151563,2.7266855493082556,176.17439264564823,277.541582323355,15.99280178022319,600.6610540887657,745,1385,0.07854979997500777,0.18089829990640283,598.680011358362,0.3309017660216968,3.4094685673014746,True
127,128.53082016948755,0.34559786447404917,2.068927940852927,64.72370101834407,265.92100510939576,22.209988484836472,227.92081265823995,721,1344,0.06968099996447563,0.16883899993263185,226.71685019557995,0.5310423383270318,3.5214428265411204,True
128,148.89222049163305,0.24022372485373988,2.2436658699594982,193.67405083322126,334.0643934195613,17.883721904122215,623.7106036876228,774,1444,0.07698010001331568,0.1954525001347065,621.494159289443,0.35663157329005807,3.220413891299869,True
129,143.81605492822771,0.40066578834497374,2.36398531715644,199.8759239863219,339.9790422216944,28.8110865122412,748.0927353750145,701,1304,0.08117870008572936,0.18275279994122684,745.3840396215029,0.36339599582613324,3.742785626477998,True
130,113.92008327669956,0.3760824822920638,2.966846387100939,190.15987393880826,337.9833874877142,21.4216738508099,690.8753476761827,732,1359,0.07973130000755191,0.16625719983130693,688.5492084965412,0.3378319444620016,3.633128973878581,True
131,180.10324584217892,0.2397357862875148,2.638041570819099,132.80068032911245,475.11984957112,21.588596627454173,427.6521638788495,792,1476,0.07391849998384714,0.20389369991607964,426.01943532076257,0.3832521295319733,3.220255821122476,True
132,119.95190531521035,0.49806006732053565,2.6793123349508337,79.7441890451774,321.38861951189756,29.871627018260092,344.5717074593484,661,1224,0.06333009991794825,0.15695049986243248,343.1560106232528,0.41255195662296784,4.32096321481354,True
133,93.68570216267709,0.2841616001144362,2.5899892723550244,135.3186413512097,242.64496357438156,13.31093951719541,449.7650213828337,755,1405,0.07122369995340705,0.18769529997371137,448.2033001089748,0.3484403781674925,3.3237476883580386,True
134,196.4264876375846,0.46887631191308377,2.5738340931321235,72.52455435641747,505.5691906758108,46.0498635427758,298.7354267862314,668,1238,0.06671890011057258,0.16228919988498092,297.5869219283441,0.38593929143292516,4.11909358750575,True
135,166.9615213796243,0.42729981375738724,2.441160930269118,124.40145175035107,407.5799428502309,35.67131349508174,482.1513702726241,684,1271,0.07615109998732805,0.18758669984526932,480.368157150271,0.3712180118124035,3.8757696432691624,True
136,102.82017657560037,0.13844828947403554,2.010607427284158,87.33799260745307,206.73101069757072,7.1176387851550835,267.7474619331924,856,1602,0.08504789997823536,0.2161789999809116,266.88961662651445,0.32142326011822425,3.0656470791194246,True
137,120.51425377580874,0.34410479943770483,2.1355306730658095,154.827399053928,257.3618854798766,20.734766562454663,544.0575939392972,719,1340,0.07799829985015094,0.19350789999589324,541.5070963489458,0.47099984608658746,3.51396198130149,True
138,95.53467026868768,0.3672918033700297,2.347955350911026,197.86507215725842,224.31114025488571,17.54455066367373,711.9361773317587,710,1321,0.07306720013730228,0.17883380013518035,709.3631619307525,0.36272188056719745,3.598089190627484,True
139,135.27911169375597,0.4394794111059193,2.978413554826985,73.62600650362239,402.9171399536365,29.726192171051878,290.20930816872647,696,1290,0.07505179988220334,0.17467339988797903,289.16819624448794,0.3600368013356056,3.9416684667590682,True
140,166.94822385316203,0.29964034964567493,2.5681564116152376,163.15436169492824,428.749151496274,25.01221208404294,549.2650948419735,759,1414,0.07291610003449023,0.1872300999239087,547.3521687766392,0.34948725417672033,3.3665363839246214,True
141,153.0091191329812,0.2683984085350919,2.3362370969809607,127.09128372774178,357.46558029485,20.533702033324218,417.4090250943968,776,1449,0.08003879990428686,0.19515909999608994,415.87539541237106,0.36877143946085394,3.284324564606501,True
142,168.58867482610944,0.23515721265413225,2.6956615435167026,192.37332816900692,454.4580074011856,19.822421428580885,617.576065338301,795,1481,0.08353860001079738,0.2024185999762267,615.3328193453764,0.3645581581868279,3.21029984362353,True
143,194.75243984879776,0.06945411758474328,2.976147984483119,122.37428127756448,579.6120813291693,6.763179428587021,368.4497383830011,966,1802,0.10182330012321472,0.23452880000695586,368.1898656426557,0.07058117688594667,3.0108429200682947,True
144,106.072662685858,0.17618579422675834,2.8951497257011662,57.148911380661275,307.09624027935416,9.344248160527464,177.74934418244715,858,1600,0.09022130002267659,0.2293715998530388,177.15874038249723,0.33337547934398587,3.110283991211704,True
145,163.3901656258056,0.4898608650315479,2.913895020284104,155.84021712399476,476.1017899804299,40.0192239355525,664.3659128540107,675,1249,0.07342460006475449,0.1637309999205172,661.4232566129909,0.4448976070313149,4.263122351308109,True
146,155.07157272584277,0.47901612549183586,2.146822493417563,119.69917165465856,332.91114041747676,37.140891970529324,502.38017416883037,655,1217,0.0631269000004977,0.17637709993869066,499.1041813116297,0.6563745566289305,4.197022980394855,True
147,61.51317557864722,0.4405888295906906,2.856072539541496,182.53276890076145,175.6860915901689,13.551009016301416,720.5479613919154,698,1294,0.06576469982974231,0.18000850011594594,718.0355304597609,0.3499034275568086,3.9474992119560706,True
148,196.73694508986108,0.17933068526379903,2.7509926855437072,90.30829668400987,541.2218969184217,17.640485589835595,281.24555746650884,839,1564,0.09138310002163053,0.22282299981452525,280.3408717835977,0.3227091637246074,3.114282605180689,True
149,63.26157531480216,0.10731480360211884,2.8820181940524576,186.2569463435513,182.32101104167964,3.3944517652343213,565.3165197914312,904,1685,0.09168320009484887,0.20371239981614053,564.2600408373067,0.1872326370225995,3.0351432839916948,True
150,125.73314917769213,0.2571073553465672,2.831096672128036,177.24189560799226,355.96270021314206,16.163458732235917,577.2435832139364,787,1465,0.0898271999321878,0.20886090002022684,575.2704363610108,0.34299465576697985,3.256812286021991,True
151,196.22515042870307,0.11579809767316782,2.312133198561738,71.58288438932246,453.6986846989754,11.361249567637502,217.81295126726724,870,1624,0.08549460000358522,0.2180779001209885,217.31081578972584,0.23106787194028902,3.0428076924454994,True
152,145.43746210958085,0.4507519600852127,2.297446896197589,65.05188463857765,334.13484591451095,32.77811055785621,260.90940567583147,675,1254,0.06933670002035797,0.161933199968189,259.693740490144,0.46811493545936245,4.010789343389825,True
153,167.52422588366122,0.4415069398633557,2.159711771754512,177.38993697538433,361.804042695005,36.981554161436414,702.5788670562758,670,1246,0.06522150011733174,0.1705852998420596,698.7204644395085,0.5522097624351673,3.9606466918908136,True
154,192.33500230468906,0.23569407821240917,2.3328761302251357,150.64385795595715,448.69373588340557,22.666110538092642,483.93338808445617,797,1487,0.08405159995891154,0.1947024001274258,482.01800787611495,0.3973669400404429,3.2124335811018656,True
155,121.07117196214591,0.2068296351161824,2.194014459830505,137.53025398157092,265.63190195357373,12.520553160009607,434.4114877875655,798,1489,0.07757779979147017,0.19285940006375313,432.7293666129428,0.3887236005702558,3.1586612778725525,True
156,138.26309162292966,0.36211479079901265,2.27120631784944,84.93727710915323,314.0240072193938,25.03355524913095,303.9258847596932,727,1355,0.06753860018216074,0.18539980007335544,302.77424296028903,0.3803632000345572,3.578239085403183,True
157,112.14223536058071,0.48028907309585644,2.74507529833278,159.8266125364074,307.83888018815094,26.930345138115342,670.5990726803532,677,1255,0.07088509993627667,0.1600337999407202,667.789812887275,0.4206802408278633,4.195791064066976,True
158,135.03482409819185,0.14163228394641197,2.971951301527686,54.63360765633281,401.3169212301834,9.562645274664451,167.61262815388454,877,1634,0.0864585000090301,0.21303660003468394,167.12520754201492,0.2916499665360697,3.0679399612091305,True
159,75.44545721198655,0.30302903381165974,2.3732262793172483,132.97018151779167,179.0491417105915,11.4310820022136,448.9651378721994,753,1403,0.07410909980535507,0.19725159998051822,447.3918504513666,0.35165759484566683,3.3764347220367372,True
160,180.4364795944133,0.382189607783552,2.024951036290177,141.9148197274338,365.37503633925854,34.480473683016854,520.8439988379575,703,1310,0.06767849996685982,0.17242390010505915,517.5151979232979,0.6432276632681575,3.6701170451282494,True
161,132.01293431172746,0.06671384361291884,2.60899549987506,112.92280559868254,344.4211515445989,4.403545127277557,339.8923241552451,974,1820,0.09218700020574033,0.22553359996527433,339.63505453892736,0.07574884066869528,3.0099528819996886,True
162,71.24517976408899,0.12378667671989213,2.5825986444424465,153.06565476779244,183.99770468179463,4.409602017653942,466.8250549561618,888,1658,0.09071419993415475,0.2178675001487136,465.6759215076868,0.24676677393036703,3.049835416471165,True
163,127.24597420676018,0.26139305373648775,2.238147218870368,181.34779528648858,284.7952232833109,16.6306068867897,592.8331924347923,767,1431,0.07373609999194741,0.1822495001833886,590.3908460104487,0.413682976429538,3.2690399764620777,True
164,66.74053174603984,0.24201547535699647,2.349409679749117,198.59045898983783,156.80085131574924,8.076120758048273,640.3418463555342,789,1473,0.07756959996186197,0.18561009992845356,638.011113694847,0.3653122352664792,3.2244340922153842,True
165,70.88152449289429,0.3979010490970226,2.3398124063180603,158.88727826131463,165.8494703872115,14.10191647865947,592.6584252370942,703,1308,0.07004610006697476,0.15953240008093417,590.4921026317496,0.3668673290785025,3.7300558718261634,True
166,144.0921302286036,0.4326270623835613,2.5401925683940236,156.95018849448996,366.0217583707627,31.169077506695164,612.7597684364821,690,1282,0.06781619996763766,0.15026120003312826,610.5184862809061,0.36711126787153847,3.9041671393595947,True
167,61.778509312018436,0.2734664261219909,2.1998631787219702,119.96376921055655,135.9042678718417,8.447174076350908,395.61994203527087,757,1412,0.07848839997313917,0.19370350008830428,394.0490265695151,0.3986599026602711,3.297828541389788,True
168,115.16033879478319,0.36963460354544575,2.5344047871595867,132.59114463606173,291.8629139324184,21.28362308728445,478.153585639198,722,1343,0.06987429992295802,0.16561570018529892,476.5968522566002,0.3266352631636098,3.6062256416266827,True
169,127.91185817356002,0.07002638753174134,2.736865633086687,190.04519323052014,350.07756869947485,4.478602675183425,572.3759215014087,959,1790,0.10243400000035763,0.22410789993591607,571.8355534550993,0.09449710551300965,3.011788468688765,True
170,165.13059666636133,0.11965910943304006,2.768982331219,123.43200801252497,457.2437045128056,9.879690068621665,375.81393735861684,894,1668,0.0861041999887675,0.20334040001034737,375.0950992835494,0.19164155341950379,3.044704071576653,True
171,179.47116436290673,0.32299551839192947,2.668579618228495,80.60611860907332,478.93309127858913,28.98419088490012,277.00208496593734,746,1388,0.07498349994421005,0.1696657999418676,276.1427528381051,0.31119126574944495,3.4364895586816777,True
172,165.87472516297953,0.21715661451337476,2.2797154591248883,168.21545048018407,378.14717523213653,18.010396874864565,534.2349417278066,789,1472,0.07655919995158911,0.186334399972111,532.3003045874628,0.36344843759634865,3.175896983319852,True
173,177.2870864036367,0.2946535957712675,2.844090935185577,124.02056869170724,504.22059536604525,26.119138746321468,415.6411456873177,769,1431,0.08055189996957779,0.18000759999267757,414.3167269989291,0.3196633401653711,3.3513888064852098,True
174,135.91607548708149,0.24278416484262633,2.6403465607909906,145.50509250627277,358.86554246852427,16.499135437909217,469.26937336511685,793,1478,0.07503150007687509,0.1969157001003623,467.69834778097515,0.3359057374471228,3.225106182073225,True
175,155.86620791137227,0.4364048784437741,2.3768445584359164,52.71885284520638,370.4697481181864,34.01038675852722,206.99245696968788,673,1250,0.06480240006931126,0.15174390003085136,206.15663483395426,0.40543062628414667,3.9263459995508856,True
176,180.920345429345,0.3575473297725135,2.892208025574859,129.23242638359363,523.2592750405273,32.34379320489154,459.8288504330951,737,1369,0.06950649991631508,0.1680192998610437,458.39895957507815,0.31193152343592273,3.5581538109344937,True
177,126.29862592379821,0.389535684211136,2.461005298251065,170.19881037845315,310.8215875602967,24.598910832076527,628.2013701596727,708,1317,0.06760129984468222,0.16678639990277588,626.1006590397715,0.33552290507456434,3.6909856700103107,True
178,118.4059506179635,0.13284385071385135,2.1622124101637707,145.97222309825696,256.01881586339925,7.864751213762199,446.6347718494627,868,1623,0.08392490004189312,0.20984599995426834,445.2784780956233,0.304594499972247,3.0597243939268055,True
179,131.88129609727673,0.12870414762920845,2.098347077873436,186.80669758577181,276.73273229188203,8.486834901217629,570.7572084666726,872,1631,0.08381669991649687,0.2125872999895364,569.1319739316168,0.2855637373223916,3.0553358944992373,True
180,82.18821751099799,0.1636551623782095,2.5149641572485817,131.00603382165062,206.70042118831017,6.725263041168989,405.3475160547576,855,1597,0.08710690005682409,0.20294669992290437,403.9899367844345,0.3360428433264327,3.094113333791868,True
181,155.74557962422176,0.24168151440801283,2.821753933388495,75.49017043491224,439.4757019125188,18.820413772967832,243.32330579773273,799,1488,0.07415109989233315,0.18781059980392456,242.47441845420417,0.35009356819589116,3.2232448860017677,True
182,181.45628350206238,0.0614677604894343,2.5506874300509716,156.64235592761378,462.83826143247603,5.57685568680383,471.14135179217345,969,1810,0.0946767998393625,0.2222418999299407,470.84208557105075,0.0635597858164587,3.007751951904332,True
183,185.42437594844512,0.4894769730299045,2.9359394715491733,192.69527154115852,544.3947443344132,45.38048113260197,820.9068571003603,672,1243,0.07595849991776049,0.1686380000319332,817.3235939541493,0.4384142551024967,4.260129740262047,True
184,150.69101712418654,0.15336406779404738,2.079605874222822,129.13750855503963,313.3779244040702,11.555293683093849,397.93197974989243,826,1542,0.08545600017532706,0.19338630000129342,396.6602478994804,0.3206098562047776,3.081459323495389,True
185,113.89976750092553,0.2222995683330506,2.527137235436259,120.64981504062321,287.8403435591216,12.659934574345286,384.2491648172503,797,1486,0.07429879996925592,0.18794759991578758,382.917706382472,0.34771398986924984,3.184830119199704,True
186,172.0688565701862,0.22887972409707175,2.1136669058389894,56.83530094697803,363.69624765795834,19.691536208741415,181.87230611424232,776,1448,0.07402419997379184,0.1922767001669854,181.0923741790096,0.4306818212354777,3.1999884417593214,True
187,156.91071864074627,0.3016214583322033,2.141739651456585,92.40162643385483,336.06190785143417,23.66381989218796,311.8693837463637,740,1380,0.07684080000035465,0.18282789993099868,310.5170733940632,0.43550273661905636,3.3751503710772193,True
188,150.40605240057602,0.494834061469752,2.481316741642341,130.8157620686805,373.20505586588445,37.21301888950469,562.626382792789,648,1199,0.06854790006764233,0.15191769995726645,559.8568622058493,0.4946836904039443,4.300906663658776,True
189,166.4936969961123,0.06623132692208489,2.305951430710153,99.13088455921405,383.9263787924079,5.513549238108029,298.3312519619093,962,1800,0.09232800011523068,0.23338350001722574,298.1358239063602,0.0655500077073823,3.0094682730658624,True
190,128.78038187417644,0.27403229569479914,2.0749526259799946,53.12926919425422,267.2131915445289,17.644991842716735,175.4432431802215,754,1407,0.0725863000843674,0.1752130000386387,174.59064481184464,0.48834138237801133,3.302195679348723,True
191,145.9713647529057,0.0679958330981805,2.2258116780251886,61.995307473064756,324.9047683242919,4.962722277426102,186.65040379829117,952,1780,0.08955179993063211,0.22735119983553886,186.49154877220045,0.0851808176491479,3.0107182528191445,True
192,90.3645118745413,0.25942093282101725,2.178758361091261,82.76461819243539,196.8824357925874,11.721222982204695,270.2126462246226,760,1417,0.0817654998973012,0.18176730000413954,269.0669998168208,0.425784807717684,3.264832873346352,True
193,119.13737264641274,0.47531775410010957,2.7069952586070882,104.62199458109865,322.5043028767451,28.314054197840367,435.36971199359016,672,1245,0.07219720003195107,0.15693649998866022,433.6657367726764,0.39292364520072387,4.161359317768594,True
194,100.93332332790023,0.05487676543125277,2.8322270626118646,93.22167626873141,285.86608984863244,2.769447154230987,280.15518699109043,1008,1883,0.10052370000630617,0.25910709984600544,280.0235762770986,0.0469998689901779,3.0052579851008385,True
195,64.16440311227441,0.0720865428435938,2.814545542569701,120.40948633185,180.59363477129742,2.3126949969932964,362.68092261940376,965,1802,0.0934308001305908,0.23174780001863837,362.40602531078855,0.07585340458384085,3.0120627009391163,True
196,192.02214906529352,0.3252373087646124,2.91018684065418,106.20224013232573,558.8203313239526,31.226383492596646,365.7450714954226,744,1382,0.07173919980414212,0.17085400014184415,364.6020488668496,0.3134986849704858,3.443854583855407,True
197,198.90811010688617,0.08212966973651181,2.8397836443047746,103.7878960859316,564.8559978011086,8.168128695496144,313.10822873924246,960,1794,0.09526769979856908,0.22786730015650392,312.8521215162887,0.08186207007722342,3.0168087084066455,True
198,89.7755310111891,0.48871485122311387,2.9239701652299,70.34802820168892,262.5009742443886,21.937317640804665,299.33240390075014,680,1259,0.06495129992254078,0.1648816999513656,298.00673065755495,0.44484674566580135,4.255021946635936,True
199,76.93733521930555,0.46572553050908816,2.462274816679149,116.04378631464746,189.4408629728978,17.915840630483316,475.710275473391,676,1256,0.06589359999634326,0.16304650017991662,473.8365245371321,0.3954424868554114,4.099403256142678,True
200,148.65659874589596,0.4031072810729915,2.1281099805428823,70.16092541779574,316.35759146469974,29.9622786670084,263.7969498219935,691,1286,0.06741000013425946,0.17408840009011328,262.44995266633185,0.5132396260608861,3.7598841271139163,True
201,198.16235631215548,0.22813532660234503,2.99430690457307,189.6240584095337,593.358911731956,22.60391693878193,606.107959659393,815,1517,0.07685320009477437,0.1904452999588102,603.9202951468402,0.3622439136642872,3.1963663511007305,True
202,142.6689790217785,0.4811037014858321,2.2669959923952665,118.84751302971537,323.43000368149626,34.31928694729108,499.79620718598244,657,1220,0.08047819999046624,0.17432410013861954,497.2245720866168,0.5171979109105019,4.205356885011289,True
203,176.06096815852973,0.06233691252463963,2.5428730900244814,50.915404670036885,447.7006981339823,5.487548585550816,153.16233078267823,967,1806,0.10739399981684983,0.2343754000030458,153.05832912231185,0.06794903679058784,3.008172708736467,True
204,60.57674675798212,0.07945870981409989,2.090378207970139,72.15902192127487,126.6283113326116,2.4066750710623586,217.7184824145561,925,1730,0.10236170003190637,0.22550050006248057,217.41857092323835,0.13794198446076172,3.0172039007414186,True
205,158.69292724250792,0.1451324445759991,2.713705244806797,181.60045684300096,430.6458289717372,11.51574623381317,557.8521928693931,879,1641,0.08548110001720488,0.21473719994537532,556.1765745905138,0.3012745152226041,3.071865580997261,True
206,155.92292567524203,0.08329182775523854,2.1324042862253143,138.31530791904697,332.4907150306772,6.49355273421756,417.57842465734734,909,1699,0.09391580009832978,0.2148025999777019,417.00989545325467,0.13633470339468234,3.019032607018069,True
207,87.45765561029347,0.15923585097204718,2.1103892298667644,82.61696887398656,184.56969446935994,6.963197107562658,255.22576928140523,845,1580,0.08480259985662997,0.20432050013914704,254.32896905557465,0.3526142653590612,3.089265713326934,True
208,145.2045366899917,0.0910950706563801,2.9572742303652846,164.8149593307021,429.40963448544295,6.613708764700865,498.3697061202172,937,1747,0.08472670009359717,0.2237987001426518,497.5951642749205,0.15565702822400762,3.023813543042751,True
209,80.75382088679413,0.41045746231580316,2.1245807276120994,198.42281254221717,171.56801153712223,16.57300419674921,753.3869348876301,678,1260,0.07077450002543628,0.15264560002833605,749.2353619411641,0.5541079822647245,3.7968766052408247,True
210,73.29825421708823,0.13469178714966035,2.367479769932954,121.33880578544591,173.53213403035923,4.9363364277248705,371.32810295747305,855,1596,0.08552369987592101,0.20413319999352098,370.34772299627906,0.26471877652231157,3.060258427250916,True
211,69.92682992516748,0.26379965461024607,2.0176049927599595,80.34761276026862,141.08472118489445,9.2233367911243,263.32194760265304,750,1400,0.0737997000105679,0.18406220013275743,262.0321768479316,0.49221846348661424,3.27728402321449,True
212,174.91908761810845,0.13551730266670653,2.794821558238178,75.77006870106507,488.86763702244224,11.85228146946368,231.95771761736196,882,1646,0.0958366000559181,0.22508089989423752,231.32365606016606,0.2741014766907325,3.0613370370891775,True
213,106.91974239952191,0.39473933776513614,2.690787852592477,145.17952986677378,287.69834405095037,21.102714154403113,539.1771481751109,717,1333,0.07143199979327619,0.20505920005962253,537.4502573450571,0.32131175052076805,3.7138648173740134,True
214,190.9373107133612,0.4388547354197851,2.7696209473049627,105.72244707697257,528.8239753738014,41.896871487438716,416.35501502149447,691,1282,0.06728690001182258,0.15776440012268722,414.8598440175241,0.3604038871275313,3.938189348931376,True
215,65.49615970252724,0.4483709888105062,2.208217039869974,113.21450992720378,144.62973590116576,14.683288944556484,452.76865773346026,670,1245,0.06678209989331663,0.16075749997980893,450.38779258939206,0.5286255940419714,3.9992105077749103,True
216,79.86535388644734,0.39699321201910487,2.594134427460679,185.93028538462724,207.18146407816357,15.853001684211614,692.3837991097041,708,1316,0.0716872001066804,0.18509389995597303,690.2197449465001,0.3135311875744373,3.723889293653236,True
217,82.94601925319749,0.10885802118481336,2.948256399634892,191.74652898581272,244.54613208747847,4.514669760530254,582.3130945766994,929,1734,0.08838839991949499,0.22633070009760559,581.102103925048,0.20839550286804617,3.036889886125577,True
218,134.20290855128098,0.2190302848938399,2.4882806874663093,144.96686433672681,333.9345055499597,14.697250646784509,460.90362213845816,799,1490,0.08502369979396462,0.18952770018950105,459.22384194129216,0.36578680019421594,3.1793722258341623,True
219,89.06475181565898,0.08360639038013015,2.1273912588711017,199.46285159393778,189.475574486157,3.7231912047046953,602.2313263223851,906,1693,0.09147199988365173,0.2301647001877427,601.3967395152641,0.13877474756409627,3.0192656001348803,True
220,147.86272040313253,0.12667920135985955,2.7520646186304334,114.87985396150602,406.92776123590534,9.365565665782519,350.69062136293263,899,1678,0.09091570018790662,0.23418299993500113,349.7902420593094,0.257405494882441,3.0526729384635374,True
221,171.9724560946949,0.37833025730770264,2.3286058930174067,59.130333696046065,400.4560746987838,32.53119178207176,215.49319443291122,700,1302,0.07265889993868768,0.17349159996956587,214.66046602582244,0.38792816511849343,3.6443764302199573,True
222,195.35719798992235,0.27019194706697286,2.236660522245791,116.90676524122163,436.94773248061415,26.39197084922262,384.5653474326474,764,1425,0.08435219991952181,0.19102719984948635,383.0606116130096,0.39281924949202923,3.289504646195177,True
223,130.9458964556498,0.44955548397270284,2.4122464954369995,198.21784459221232,315.87377981699746,29.43372292767954,793.1961129537149,678,1259,0.08948059985414147,0.18155060010030866,789.915372240013,0.4153281261508431,4.001638271193664,True
224,73.681064130038,0.3226090603542595,2.739814233865129,137.67169815479502,201.8724282698075,11.885089432446748,472.94331394916367,753,1401,0.07564149983227253,0.19370079995132983,471.4683921154122,0.31283578250785804,3.4352980335682113,True
225,174.73442167022546,0.1880332520720655,2.8769548268830105,193.17777629895104,502.70303784676645,16.427940777792045,604.1855242498503,847,1579,0.0887630998622626,0.21110240020789206,602.0848405808946,0.34890160445312035,3.1276140342088152,True
226,98.78569347133102,0.26705636635966135,2.6895044934433714,55.983396188895554,265.6845664790643,13.19067417338649,183.61923234820352,779,1451,0.07918659993447363,0.18057950004003942,183.01033578602707,0.33271157039368915,3.2798873388932566,True
227,132.90465891932305,0.18036735172269147,2.783235196447393,115.11849338041031,369.90492447609586,11.985830680442943,358.685069805513,831,1548,0.08843260002322495,0.22753499983809888,357.52461266514035,0.3245810496016289,3.1157901677902813,True
228,197.9137701405007,0.40415694412628717,2.2170176333168956,122.90705013008481,438.77831827771695,39.99411227024859,462.3850780849005,694,1292,0.09137680009007454,0.18021429982036352,460.3666488434874,0.43843950175012125,3.7620712367232976,True
229,106.6099449003296,0.2632379929088325,2.605695533473524,161.5170652618903,277.79305725064734,14.031893959841993,528.279690477265,771,1436,0.09211760014295578,0.200167799834162,526.5301377064509,0.33227970167769433,3.270736065075792,True
230,173.24642309558124,0.49826939136898907,2.4203832438209227,79.46864533965467,419.3227395124549,43.16169489634482,343.6545265666946,657,1219,0.06570810009725392,0.16070140013471246,342.0923199038758,0.45666230193584284,4.324403984714859,True
231,132.77685641472857,0.3941360350365199,2.955839687975018,76.42221002633077,392.46710183521503,26.166071865957214,283.57027811669786,722,1340,0.08899300009943545,0.16071119997650385,282.70382272213936,0.30648874366658685,3.710574164486941,True
232,164.35820809959142,0.1842191917576162,2.92070396713709,133.94431210443673,480.04167042802004,15.13896812741841,418.1203166789202,851,1587,0.08156449999660254,0.23977140011265874,416.7242265150872,0.33501535908002594,3.1215981485866355,True
233,82.34332030498028,0.07035799326271519,2.6372276470123253,94.6689779708729,217.15808085508536,2.896755387623701,285.1135181987607,960,1792,0.09117779997177422,0.19095640000887215,284.8662566816531,0.08679915971370976,3.01168898523952,True
234,86.46818456005667,0.08504570509815035,2.5981038779175765,90.03494065315252,224.65332562197594,3.676873862233508,271.9041091644774,935,1746,0.046475799987092614,0.10811110003851354,271.52920414111423,0.1380717129669523,3.019984321553022,True
235,148.02296442643882,0.23681908465876944,2.467820507927654,179.5379648103035,365.2941072558113,17.527331471973415,576.9072350606491,782,1458,0.054774200078099966,0.093933500116691,574.8793731596359,0.35274563598755704,3.213288262848466,True
236,103.33701969800782,0.46703963346213956,2.081289754798664,195.97229980258967,215.0742803888914,24.131241901413734,807.4155983849746,656,1220,0.03868060000240803,0.09154779999516904,801.8329419338935,0.6962368542275935,4.120049615166607,True
237,127.35755948042022,0.10564730503441855,2.7044691496057123,51.91273903942015,344.434590583871,6.72749146743353,157.48206279940007,908,1695,0.04610130004584789,0.1041211998090148,157.20746929363037,0.17466950330255518,3.0335918642207536,True
238,153.90572848978297,0.16512743567171662,2.8540599809891924,126.36680167570917,439.2561805276778,12.707029140352661,391.1868047874025,868,1619,0.04650970012880862,0.11797729996033013,389.9139113366815,0.32645499781151893,3.095645372043932,True
239,67.87116978013412,0.18656705231542053,2.437509392084488,140.97053815007263,165.4366137908378,6.331262041539536,440.6797144163537,833,1555,0.04435220011509955,0.11988759995438159,439.0643785020268,0.36790411461709216,3.1260412296023192,True
240,154.8448804780992,0.29685444661188604,2.066868245167108,180.03115042206971,320.0439663868795,22.98319565250489,605.4092446643981,737,1375,0.03908500005491078,0.07971439999528229,602.5442497913957,0.4754829000516171,3.3628027329996,True
241,183.34668503978162,0.19288308615818617,2.580046794475095,194.5754634683435,473.0430270145234,17.68223722367301,609.8598411330582,813,1516,0.055229000048711896,0.09488669992424548,607.8608933520129,0.3288495448394865,3.1343101039678603,True
242,162.5423816827144,0.4301565272359918,2.8417468153938734,103.24549181318582,461.9042955133891,34.95933321665176,401.6154868245377,705,1308,0.0351541000418365,0.07363869994878769,400.24202370746957,0.3431581482488128,3.8899082155686537,True
243,109.82334653649637,0.13193741821656685,2.9416784670085177,193.9087806182128,323.06497368122587,7.2449044009643355,593.0103712723912,894,1667,0.04372099996544421,0.09773319982923567,591.3419095170807,0.2821484032263322,3.0581924623618257,True
244,159.3348980215215,0.3067697969396397,2.743468113908654,95.4219141583077,437.1302121549313,24.439567155730174,323.1498209290028,759,1413,0.05338219995610416,0.09640590008348227,322.1071341104656,0.323708079740816,3.3865367696658017,True
245,78.06159545420726,0.13018176145908328,2.1072583853672686,101.97968610544791,164.49595159602572,5.081097999267535,311.7216275996044,871,1629,0.04398940014652908,0.09461549995467067,310.831345817063,0.2864195630595729,3.056703148480781,True
246,154.4785972029023,0.4662857003637769,2.511658612932618,87.49248399654546,387.99749917841825,36.01558044398455,358.93053967167134,673,1249,0.040507199941203,0.08386219991371036,357.56348768878996,0.38232426686452103,4.102415696482492,True
247,171.81206348524654,0.3475424943362768,2.425377291255012,91.88737421228828,416.70907714078135,29.855996550362665,323.669777163296,719,1337,0.033847799990326166,0.07664430001750588,322.51278126220967,0.3587442012555907,3.5224619262219705,True
248,117.00889104625927,0.21685462042501374,2.633076216683907,91.33430155956194,308.0933281544638,12.68695932709417,289.96801160457767,811,1512,0.04259810014627874,0.09460059995763004,288.96835673881714,0.3459392152975653,3.1747985877516185,True
249,147.13053808910303,0.09184896105233598,2.998006631501589,160.20786554210537,441.098328887528,6.75689353127763,484.5255221407685,944,1761,0.047194599872455,0.11380310007371008,483.7550174916949,0.15927579481629145,3.024355392921872,True
250,199.1513111650844,0.3026937820813086,2.878870969942818,125.87715099347635,573.3309283392105,30.140931791505466,424.8311498104787,757,1407,0.04713899991475046,0.10709140007384121,423.40373338077944,0.33712891908194814,3.3749663577347393,True
251,131.17148040617576,0.27167318267379337,2.166078147549845,126.30212652580879,284.12767728958,17.817886778989447,416.00579141788614,750,1398,0.039120799861848354,0.08983010007068515,414.30631159048227,0.4101988745669205,3.293735448966323,True
252,172.73833478202624,0.2464425052564303,2.563340048698871,169.3100456964926,442.787091492321,21.28503398875326,547.4495051998202,789,1471,0.04044579993933439,0.09133319999091327,545.530148798693,0.3518332406291175,3.2334141955237867,True
253,120.13381024381374,0.355572472507419,2.172657286357245,63.77341467481261,261.00959816408056,21.358137970064977,226.69058321134136,716,1335,0.0367343001998961,0.08567319996654987,225.7324427871221,0.42445844841312613,3.554625142267521,True
254,73.06506683147683,0.2755192965974114,2.14495974626006,88.93255509673659,156.72162721131886,10.065417909625676,293.887280226998,767,1433,0.03871340001933277,0.1036385998595506,292.57793019248504,0.44752180509702794,3.3046085306704773,True
255,102.85505172344378,0.22021267162148472,2.2770081922835024,71.37028792826041,234.20179539202485,11.324992864892776,227.12123951234145,792,1478,0.038063500076532364,0.10602489998564124,226.23982468308455,0.38959313661579176,3.1822940064447813,True
256,168.68760059936784,0.48726388387348796,2.874052464400334,156.14504967671652,484.8170142163924,41.097687714673846,662.7288369738503,668,1235,0.03502609999850392,0.07639220007695258,659.873944006838,0.43264217248480463,4.244315387173447,True
257,67.31660850022388,0.2784185869081464,2.309438181069937,182.34203261974676,155.4635458905541,9.371097507040625,603.5950172194407,765,1427,0.03935259999707341,0.08999180002138019,601.2289627809192,0.3935363372345779,3.3102352131730832,True
258,66.08874921875481,0.2106918111528907,2.087580699012072,103.3029392302785,137.96559729092172,6.962179134864321,327.2073927312086,786,1467,0.04040700010955334,0.08905650000087917,325.71512121666234,0.45815235994327774,3.1674548194781935,True
259,110.91206925933798,0.21271632949929603,2.2685599498917663,178.38112894725316,251.6106782813559,11.796404135009041,565.0873104531687,807,1508,0.04110209993086755,0.09625020017847419,563.064388373201,0.3592701157699316,3.1678648620968395,True
260,142.86715868493172,0.311599629534584,2.250344482261657,185.20056354286848,321.5003222430367,22.258676859441675,630.2824968010606,731,1361,0.04487780015915632,0.10257129999808967,627.8545740577097,0.3867014502513986,3.4032428667808494,True
261,79.03723269765203,0.3495530539207977,2.1648021901527406,164.48327728661837,171.0999744474889,13.813853031456498,581.2922182055519,720,1342,0.03718189988285303,0.09612990007735789,578.521805174038,0.4788778930606445,3.534050560000869,True
262,106.21951174380455,0.07328899383024824,2.354332150841152,186.48059557948125,250.07601154508833,3.892360570421836,561.893297004925,943,1763,0.04442719998769462,0.12145560001954436,561.3592944800089,0.09512669161570662,3.0131461949639493,True
263,199.40147864641577,0.3163376054766949,2.430716479233401,192.9987895178976,484.6884601293499,31.53909314175974,659.5061886658107,739,1375,0.0634704998228699,0.09198130015283823,657.1083303523069,0.3649106551758627,3.4171519433527426,True
264,187.83255423257407,0.39595886491643406,2.7414579209650496,183.54479133481348,514.9350436159874,37.186982484142284,682.7273369451345,726,1350,0.03375090006738901,0.08097209990955889,680.4958079371605,0.32792692944555,3.719676989905622,True
265,78.48659085441203,0.4277254727827008,2.3487448930689725,52.30617827646291,184.34497944369417,16.785357090152893,202.84342985699448,688,1280,0.04411070002242923,0.09629730018787086,202.09449262344552,0.3705876512649071,3.8780013478497883,True
266,170.41513123736507,0.34161074222418875,2.1406003238648363,91.44718584188584,364.7906851181723,29.107819734114408,320.5405893288132,719,1340,0.03512159991078079,0.0861484999768436,319.02571956185477,0.47484252023283285,3.5051990542719906,True
267,122.29674813847146,0.3396199723492394,2.1731248923866775,134.05846588333503,265.7661076376564,20.767209110594788,468.864815337248,716,1333,0.03785050008445978,0.11537440004758537,466.74351645176154,0.45448920246665964,3.4974651712431175,True
268,85.69784799590457,0.07882882812525394,2.987146015623853,162.30166764892655,255.9919851885049,3.3777304651866493,489.556184368265,967,1805,0.06621720013208687,0.12191949994303286,488.9745333290075,0.11895323776834471,3.0163348994492165,True
269,129.2237632237142,0.0709295790847584,2.096367797499885,191.24988330995618,270.9005358939444,4.582893566603265,576.0975437320491,936,1750,0.05886689992621541,0.15834640013054013,575.5295712735501,0.09868692884748384,3.01227657639077,True
270,133.88581129989277,0.49193929767413497,2.4700761255005017,74.0235015671357,330.7081460351304,32.931845989700506,316.77330275465204,650,1203,0.05059399991296232,0.07709559984505177,315.2641181743712,0.47870483612920806,4.279361230532362,True
271,147.64305137969296,0.4933647538133991,2.5702353327714382,156.23561148620558,379.4773872942757,36.420938848100626,670.1328173855695,660,1223,0.0358149001840502,0.0709152000490576,666.9950945137231,0.47042667894492174,4.289245012778262,True
272,80.65271493166807,0.4601945965124685,2.901759773723851,95.95327712084611,234.0348038303314,18.557971802807067,389.83402962630623,677,1253,0.03194670006632805,0.09276239993050694,388.5000755937764,0.34336004452278546,4.062748468041783,True
273,132.61949518094565,0.316733986215634,2.391414038625904,79.93850264176623,317.1481225711938,21.002550679282987,273.2650332341533,753,1404,0.04363780003041029,0.1027532999869436,272.2677010906988,0.36630571289184216,3.4184407288532057,True
274,110.64936007476875,0.23188277479246122,2.8631394300807056,66.47484507204834,316.8045457432682,12.828840321573777,212.96526895939786,808,1505,0.057921800063923,0.09095450001768768,212.19611090623962,0.3624750943235213,3.2036971087119768,True
275,80.018949015408,0.46339874151416177,2.737202489164319,84.97412392006486,219.0280664252875,18.54034013551297,346.9985837958036,688,1276,0.04031740012578666,0.07657080003991723,345.73190318735396,0.3663765469058295,4.083579421450995,True
276,67.54063393018376,0.08745154884446762,2.9648842958326904,142.19149061147652,200.25016487018638,2.9532665235658864,429.6386817905434,946,1764,0.046501399949193,0.11049699992872775,429.0050569193845,0.14769636416615445,3.021549882787898,True
277,70.22019466789833,0.3523133341295461,2.3278460364174225,162.73657995011797,163.46180183412693,12.369755453336516,576.3206466120306,728,1356,0.04470860003493726,0.0881438001524657,574.0364019279318,0.397926799838307,3.541432705472147,True
278,179.05324640636422,0.490580194647914,2.082019178854467,52.68955390451129,372.792293054205,43.91998823718754,225.68221458213793,646,1199,0.0398327000439167,0.07225089985877275,223.8949160232885,0.7982756333169873,4.283243980223089,True
279,129.70068034757128,0.18239416791174679,2.652729367847729,147.81727264107406,344.06080378783315,11.828323834791355,461.04786100089746,850,1587,0.039561100071296096,0.1044042999856174,459.4998076838503,0.33689966593245463,3.119039153972226,True
280,60.88711654398793,0.0854996698389287,2.621167470715076,125.72354654299878,159.59532927073892,2.602914180977671,379.7209278277886,945,1766,0.051212500082328916,0.10690109990537167,379.1893743960061,0.14018152081112892,3.0202848890992753,True
281,77.72071064474486,0.28825151678214833,2.25549923385092,196.59707556265775,175.29900331357106,11.201556364367082,656.0398065136978,763,1424,0.03626370010897517,0.08162369998171926,653.3179825223341,0.416615501819698,3.3369764256976975,True
282,137.0486238571183,0.2183035810975124,2.5760005780907758,68.07253108960465,353.037334282482,14.959102686247448,216.2933487823919,809,1509,0.037321100011467934,0.09019190003164113,215.54933862581058,0.3451693061665561,3.1773954239733273,True
283,74.96667212782548,0.10367247051546408,2.0590233359217835,131.70225104185565,154.3581273275898,3.8859900529072244,399.53666920959677,889,1662,0.0455394999589771,0.11306010000407696,398.65603036881646,0.22090192388801552,3.0336358418249203,True
284,77.01543075598273,0.08580885038383304,2.6319485808454433,89.19916033531649,202.70065368140925,3.304302787493288,269.4034005039117,938,1752,0.04539670003578067,0.1264035999774933,269.04420739812537,0.13350709508301015,3.020245924862672,True
285,133.5905327226904,0.11444564125641583,2.8831678799247182,183.82681538201032,385.16393300809295,7.644427091617253,559.1402989683908,908,1694,0.04566850000992417,0.10329669993370771,557.8670929345161,0.2282274846464389,3.0416688544946062,True
286,116.36166676027442,0.28565530444299164,2.370251179220333,162.3797915849236,275.80637785458384,16.619663671950065,540.454746939609,751,1399,0.03672910016030073,0.09605859988369048,538.4788979916245,0.36693154650141513,3.3283374837746025,True
287,180.7512239575052,0.32679813604120866,2.9638560913039216,84.21813968305116,535.7206161370912,29.53458153823988,290.4740039097469,755,1403,0.03961960016749799,0.0959834000095725,289.5585140644836,0.3161674759318067,3.449066970642247,True
288,172.54654666738395,0.1516309135150754,2.330466159986726,97.98987222797189,402.1138880309087,13.081695247523509,301.6727039822134,835,1558,0.044275099877268076,0.09688959992490709,300.79640529095457,0.2913261847033133,3.0786110556443695,True
289,156.59260700580398,0.3492497665651254,2.035563683340306,139.13380641780617,318.7542239005954,27.34496572130073,492.0749883342949,710,1323,0.04326450009830296,0.07599329994991422,489.2078381219872,0.5860801869639635,3.536703271501381,True
290,173.95512263096083,0.3413064840770904,2.296176872682584,59.87479987271332,399.43172946987505,29.68600564618617,209.6113000891398,736,1372,0.034317499957978725,0.08868879987858236,208.81698962200747,0.3803859391758134,3.500826734030818,True
291,91.059439077125,0.19316263956187074,2.23717687539005,50.81915873506037,203.71607138933314,8.794640804580412,159.3493611063415,818,1528,0.04719219985418022,0.10158840008080006,158.78268057135105,0.35689064635471635,3.135615879379082,True
292,97.12531201689885,0.482408259765159,2.5866055184820613,186.68933036658404,251.22486804720262,23.42702637461013,786.0026518159832,654,1210,0.031626899959519506,0.06901790015399456,782.70954744904,0.42073133995565964,4.210217318111242,True
293,99.72395672569465,0.12076145198850491,2.432495821395609,120.23746010180777,242.5781080282888,6.0214049061168575,366.3523813327133,874,1632,0.047894799849018455,0.09731590002775192,365.4961641573965,0.2342616036178451,3.0469071870157145,True
294,94.79494485069998,0.14613444304690018,2.0237808107835216,82.51874309878474,191.84419034812882,6.92640323470933,253.67904567858113,834,1558,0.04241260001435876,0.10517690004780889,252.81236981551456,0.34281386773084604,3.0741990989234673,True
295,168.25479128652,0.25289649034338474,2.789914017649889,126.62355629524667,469.4164007470186,21.27552309990981,411.24061572035527,795,1481,0.03851009998470545,0.125317299971357,409.77780475189167,0.3569766228186246,3.2477417926998537,True
296,186.11545148839645,0.3367296015697369,2.5846014933765256,80.45144173139593,481.03427385735574,31.335290912829716,280.20600679930993,737,1371,0.04341789986938238,0.07984689995646477,279.295969676604,0.32583252947032265,3.4829208870468307,True
297,185.14079042390932,0.23915590707843787,2.190551270492799,149.84106227349542,405.5603936831356,22.1387568355245,482.359636390924,781,1458,0.039526599925011396,0.11131069995462894,480.5053043218368,0.3859129238342803,3.219141863199711,True
298,196.79748821213244,0.06351098195937722,2.341127141041226,154.97115489814473,460.72794094216397,6.249400861745747,466.1685027744201,946,1767,0.06445210007950664,0.13127250014804304,465.92534071520237,0.052189060771945774,3.0080985269859464,True
299,126.18908829103074,0.4151047667544072,2.858710916418362,196.7397912303829,360.73812423045007,26.190846030999808,749.9876525288877,700,1298,0.04160200012847781,0.072589399991557,747.3908489906836,0.3474492016741906,3.812079131723027,True
300,116.48070110888665,0.4700520910541793,2.111171453075161,89.79342008423859,245.91073101526175,27.375998561844515,371.62413565235954,650,1207,0.03289939998649061,0.07136559998616576,369.12250362898806,0.6777240614638663,4.1386566555068836,True
301,151.83627911290037,0.4810777433882843,2.662398441547544,142.32707118865665,404.24867288056384,36.5225272600539,597.8295599294136,669,1240,0.03762499988079071,0.08714479999616742,595.431429497171,0.40275509713480856,4.20039248286773,True
302,133.74357414825198,0.3283616047607083,2.552242089681267,187.5760082773013,341.3459791655761,21.9581273168764,647.9935930447364,747,1391,0.03557069995440543,0.08895509992726147,645.8897113241616,0.3257338960023936,3.454565426548479,True
303,146.3014287704954,0.43232658373361427,2.239729303238505,74.5217122293846,327.6755971229394,31.62499844784749,291.0420035003923,682,1268,0.036379699828103185,0.07404690003022552,289.7600498736015,0.4424190385631265,3.90546586751172,True
304,178.815935053401,0.3323461571883287,2.7313233476174905,151.3900881183621,488.404138337407,29.714394429517796,524.9959024316547,741,1377,0.03543239994905889,0.08053379994817078,523.3042939461793,0.32325522741637913,3.4678353712377423,True
305,189.3598505548968,0.3352044752875217,2.102105488502281,159.55305638551573,398.0543811534203,31.737134672888853,555.7942684789621,720,1342,0.03677880018949509,0.08417269983328879,553.0702834592151,0.49252058937420623,3.483444824372648,True
306,86.01592555072881,0.29484938121717935,2.8905300440597124,109.9285862364982,248.6316170719851,12.680871211727679,368.49607820987774,775,1443,0.03732770006172359,0.09542100015096366,367.2996164798868,0.3257454340566764,3.352140610788012,True
307,130.42902412786202,0.3280732309885175,2.7957848217253716,151.16213430122679,364.6514859691289,21.395135680153498,522.0319934671941,754,1403,0.04280519997701049,0.08462630002759397,520.3599094849152,0.3213322071513947,3.453457414321236,True
308,190.59263188865853,0.05194421284585597,2.0717859077106633,112.68512645441018,394.86712886040874,4.950092118838177,338.4938954708937,985,1844,0.05347519996576011,0.10817929985933006,338.401049211683,0.027436752760355912,3.0038915171989493,True
309,181.0710220776503,0.2775097696845776,2.5618238617008267,119.2797961962615,463.8720650210817,25.1244888166599,394.4338347708218,766,1427,0.03583770012483001,0.10911359987221658,393.01924337802893,0.35992929522594624,3.306795009289128,True
310,156.75956053592935,0.08045582125838122,2.3726392413134816,136.8417094385748,371.9338847786022,6.306109591510561,412.89921198761914,927,1731,0.04445679998025298,0.10652210004627705,412.3757295355438,0.12694307995887844,3.0173491231703764,True
311,99.42996825270971,0.3527308367702053,2.575389514932658,91.06919145534914,256.0708977081157,17.536007950906622,322.4745490738368,730,1358,0.03402050002478063,0.10383359994739294,321.37854195386836,0.34103307374073016,3.5409839916273413,True
312,141.91562883657122,0.4095816500205862,2.402900168942823,172.53388955655672,341.00908850702393,29.063018711295964,653.2579137515481,694,1290,0.04130899999290705,0.07882379996590316,650.7440152252489,0.3863114323731598,3.786258545672036,True
313,99.88385429866446,0.4263711938346603,2.8878780310357905,80.77214265231046,288.4523884842929,21.293799101064415,312.5123990213753,705,1308,0.03486060001887381,0.09947460005059838,311.50156236205805,0.3245045230759884,3.8690616437725014,True
314,84.5344019879087,0.22288108601379286,2.447473939473114,171.50049841827212,206.89574585435074,9.42055966029581,546.4241941869616,797,1486,0.0476500999648124,0.08615439990535378,544.4928569782472,0.3547038650667756,3.1861376452346457,True
315,131.39381548558782,0.21811943076611623,2.6556760633310623,132.05770317519313,348.93941065481386,14.329772119952262,419.5645447135184,825,1540,0.03818999999202788,0.10011890018358827,418.11217814462316,0.34736289560857087,3.177130410612299,True
316,69.01923946581033,0.4735372140655499,2.7168296588063416,128.00320487841492,187.51351680897068,16.341589186781437,531.2446624625748,675,1251,0.032185399904847145,0.10428619990125299,529.0869212948108,0.4078235694209485,4.150245011186889,True
317,172.2101904634373,0.4169778475656782,2.8200291152714545,133.19289014581744,485.63775105333576,35.90391727415978,508.9955817813087,696,1290,0.05415110010653734,0.12544959993101656,507.2332190753595,0.34744623176728123,3.821492132380854,True
318,188.7443464965623,0.09968686128373778,2.054871947389452,108.45183715603822,387.84546284414046,9.407665743646271,328.6576813092838,890,1664,0.043450700119137764,0.09886049991473556,327.99312784032884,0.20261200999262724,3.0304482609770647,True
319,79.57295083485768,0.4347035224344018,2.116133855393669,190.46160032508087,168.38701523521823,17.295321009206052,747.2666270194803,662,1230,0.03273940016515553,0.09496139991097152,743.0226509098234,0.5711772184145735,3.923450321450842,True
320,117.62978580918609,0.471466098780185,2.7615684809963126,159.10502762267828,324.8427089169956,27.729228107902866,658.1105107950539,673,1246,0.031402899883687496,0.07760620000772178,655.49974424618,0.3982864328766884,4.136327560658738,True
321,166.27025228519153,0.2507302491711544,2.0926085080204695,53.850610631060334,347.93854456270174,20.844490892608388,174.81831264313536,774,1445,0.03729499992914498,0.1121663001831621,174.01257587159142,0.46303364426862403,3.2463571089443213,True
322,163.53685348997408,0.4817444295963072,2.66753818208855,197.65118698852748,436.240800863127,39.39148410125121,831.1956862191082,666,1234,0.0320017000194639,0.08240249985828996,827.7756430082472,0.41316064802680996,4.205366529204575,True
323,124.88238413672683,0.12725567800398768,2.3696542691942373,82.94321108186604,295.9280747167494,7.945996232036804,253.257752046986,881,1646,0.041468000039458275,0.09923420008271933,252.59062147809843,0.26411533610539517,3.0533873567665144,True
324,103.24675043244508,0.48642527181541373,2.3342768861978547,130.4916354932717,241.0065031094949,25.110914321580143,553.5873739856725,654,1213,0.03800950013101101,0.09339099982753396,550.7007205754771,0.5241782518785877,4.242320757901881,True
325,193.3899645438416,0.37284679741524135,2.0642444604575267,75.9113866456482,399.2041630177025,36.05241446620921,275.4053186671215,703,1310,0.03378370008431375,0.08625110005959868,273.85353972971336,0.5666455649759713,3.627984296383681,True
326,175.80424941653067,0.34838262281316873,2.408402605470926,128.64965785115126,423.407412347633,30.62357275671572,453.56697788695766,725,1349,0.03468640008941293,0.07939720014110208,451.93694174898434,0.36067778209613105,3.5255980113972667,True
327,179.69263936135476,0.23452451604904018,2.227607515265735,154.2614149399182,400.2846738792893,21.071164641898218,495.1751306885625,781,1457,0.04250869993120432,0.11026150011457503,493.2309112042871,0.394180380854135,3.2099739969416428,True
328,175.41894314653496,0.2380979215405205,2.6569614580006764,76.29793717914951,466.08137094355527,20.883442881012353,245.35578830736242,791,1474,0.03918429999612272,0.09487659996375442,244.50416511485756,0.3483062106957581,3.2157591329272863,True
329,109.20122647806353,0.32043806040325723,2.650256540038778,87.82217819943963,289.4112646537436,17.49611460314375,301.1673014724971,742,1379,0.04183360002934933,0.07986890012398362,300.14464096816283,0.3407225599749287,3.4292852630979125,True
330,170.2505015524585,0.3692904091518392,2.9469945268911655,62.78200254312596,501.72729627557106,31.435938688306617,226.2921099520635,733,1361,0.03955190000124276,0.10319199995137751,225.58184583226847,0.31485872330486425,3.6044105123378283,True
331,198.69369975065555,0.49645455637109787,2.413626939412442,98.06523831340539,479.5724664097094,49.32119628172191,423.00224020765273,651,1207,0.04415339999832213,0.07042590016499162,420.84526939204187,0.5125329836133949,4.31347792023699,True
332,169.4421521496521,0.22002773525933678,2.2862250920966187,59.22551142817306,387.3828999033876,18.640986497477957,188.445975958131,790,1474,0.039317699847742915,0.08466719998978078,187.72149718144883,0.38593277145125854,3.1818378839441963,True
333,119.84489169067469,0.4523155628209332,2.360036420087778,171.37165368174465,282.83830915146734,27.10385481814065,688.7785205356801,668,1240,0.03274509985931218,0.08282499993219972,685.7141028331622,0.4468943674713143,4.0192091617136105,True
334,83.07373469901289,0.3876825772875643,2.974121852575345,144.74383040953268,247.0714097433809,16.103119786508337,533.1316732843384,734,1363,0.03790530003607273,0.0866231000982225,531.2780996216803,0.34888952960379277,3.683277358184566,True
335,115.56584513676903,0.33178506669399205,2.758518236448638,82.31534109794612,318.79049132037653,19.171510818125235,285.315777824761,747,1389,0.03532560006715357,0.08641360001638532,284.3806686596623,0.328823041842488,3.4661312705400436,True
336,189.9224997985155,0.2549267548562777,2.709575020614334,120.14450234482291,514.6092613066885,24.208163273913804,390.8068349129175,796,1483,0.03799850004725158,0.09269699989818037,389.35673012340374,0.37243604060835755,3.2528066393855894,True
337,189.58153329902842,0.36314672041256957,2.2782052494415823,114.22434247127195,431.9056443590307,34.42295603416426,409.1886099472638,728,1357,0.03736829990521073,0.08085040003061295,407.63330497789724,0.3815451167442949,3.582324057152502,True
338,89.50018440115971,0.28926329152171554,2.2131256657436653,166.6964044466708,198.0751551869974,12.94455896583998,556.7027133723926,762,1422,0.03716620011255145,0.09258830011822283,554.4107100256449,0.41341253069257994,3.339620402853331,True
339,105.7071359578726,0.16274134592839334,2.2903098732304215,138.9254912449776,242.10209715522612,8.601460790009925,429.6301474657042,839,1567,0.04209570004604757,0.09690070012584329,428.2559803254744,0.3208751782486373,3.0925220678766983,True
340,119.68643369628867,0.11238046969645629,2.5123812852218306,146.5939857485191,300.6979561134992,6.725208817541347,445.54705889302807,889,1660,0.04209219990298152,0.10555039998143911,444.64450825463337,0.20298252236095068,3.0393269997949357,True
341,180.33535819239415,0.17846498709770797,2.220785673597145,127.82905645187314,400.48617991667845,16.091773686533084,398.05369097384715,837,1565,0.0561122999060899,0.1318337998818606,396.6621069867862,0.3508235252497368,3.1139531341507785,True
342,92.03361359757828,0.2910451365148715,2.509903189850695,142.70790203064055,230.99546034204803,13.392967816732053,477.0246166369715,757,1409,0.03991409996524453,0.10564330010674894,475.3214977023832,0.35830883787516676,3.3426643503914057,True
343,155.0033008313906,0.412785963678872,2.049025582876891,51.63788970799959,317.6057288338822,31.991593453545832,196.85222694750132,678,1262,0.032161900075152516,0.09161849995143712,195.57226831308614,0.6544683688825098,3.812166377453755,True
344,114.9287662744891,0.4928578659109664,2.161365765566033,188.38564608179638,248.40310090442085,28.321773238912474,809.111772641859,650,1207,0.03860879992134869,0.08522720006294549,803.5647983120481,0.6902958344445665,4.2949757026103015,True
345,188.17964930993068,0.1377338455012967,2.3954653992487107,197.900968550482,450.77783876469545,12.959353372271092,606.3401388039225,876,1638,0.04582110000774264,0.14518929994665086,604.6114825387584,0.285911914524924,3.063856348177765,True
346,113.48578094636393,0.15978182034702104,2.8612942029963704,120.75473526999546,324.71620714434704,9.066482331556653,373.0103410308226,871,1625,0.0752136001829058,0.1184498998336494,371.81108643720535,0.32254406535018176,3.0889914188193854,True
347,71.91358151852315,0.17237969836443084,2.545064125897989,79.12437863843184,183.02467648763388,6.198220745234464,245.66469676341643,832,1552,0.045235499972477555,0.10896310000680387,244.8790276026022,0.32083970951127455,3.1047914813462256,True
348,184.02354938648463,0.2961230790482072,2.7761652923356728,62.27663634935381,510.8797907791782,27.246810030852828,208.97515328512026,760,1414,0.039635200053453445,0.08587119984440506,208.30461668276482,0.32190194006915684,3.3555947388171457,True
349,101.64511425858338,0.35063791481395457,2.9404325518864507,179.0904150047791,298.8806027061562,17.82031545732792,632.8049525896313,738,1370,0.03532860008999705,0.08171449997462332,630.612422386706,0.3476826851312375,3.533438417531975,True
350,83.17769775232044,0.3343715972731833,2.8750312476786384,53.70340187223784,239.1384801478905,13.906129827474725,186.59075380898656,748,1391,0.03914120001718402,0.08764920011162758,186.00327108791686,0.31584537069352053,3.4744680467895144,True
351,185.69348911116577,0.24382127871417186,2.9020356268051084,107.58585709197679,538.8891210663495,22.638011981990296,347.22547781271123,811,1511,0.04165459983050823,0.11482260003685951,346.0493446332994,0.339874413187555,3.227426793801186,True
352,167.81857757432982,0.3588314702475194,2.9671699808208407,61.103615368944816,497.94624560260496,30.10929346292208,217.7047144789069,747,1389,0.03511089994572103,0.08665900002233684,217.03982744710166,0.3063433286074192,3.5628777964184546,True
353,159.70209834822765,0.494175477941925,2.926873064743209,162.83063171522497,467.4277700383985,39.460430389781855,699.2904923115073,666,1231,0.04605389991775155,0.07402619998902082,696.0988325991759,0.45850668940413736,4.294588094054064,True
354,189.84360540282864,0.45565542698221406,2.9471010784236795,80.004229427203,559.4882942145158,43.25163453983442,323.02020434783225,688,1274,0.03236420010216534,0.08526769978925586,321.7177085432251,0.4048567330984,4.037539098376705,True
355,69.98132263477396,0.2900826777247377,2.454543596142098,77.24204878141651,171.77220732273847,10.150184730307014,258.000811096489,764,1424,0.041043000062927604,0.08807940012775362,257.0692426901796,0.3623803441285754,3.3401601221970796,True
356,193.50937613585984,0.469223821921242,2.192910246764749,103.08838458721092,424.348693773381,45.399604524031666,425.56388580779407,659,1224,0.04007910005748272,0.08321609999984503,423.22745610184535,0.5520505988596541,4.128145838271184,True
357,91.67081822185787,0.21224926719818593,2.4890693155114554,62.50816684871091,228.17502076385483,9.728531995523722,197.92525608999645,812,1516,0.047367499908432364,0.12130349990911782,197.2576075696256,0.33846528334030823,3.1663903465452248,True
358,83.37507536249419,0.06342911449640713,2.880794180206987,177.80363959634155,240.1864318785922,2.6442036006571086,534.7520502707429,975,1819,0.05614489992149174,0.1323543000034988,534.5668638039336,0.03464233931214067,3.007542767317716,True
359,112.60938140833878,0.48311790994567044,2.67306382306836,165.05342109051284,301.01206358073716,27.201804493135736,695.8984891354928,670,1241,0.03218970005400479,0.07417609984986484,692.7984865313629,0.4474609376892171,4.2162015457642195,True
360,182.7469095390463,0.24347789706031248,2.014846398167462,155.4405007281946,368.20695246098245,22.247416614419077,502.34361504885266,773,1444,0.053867700044065714,0.13912130007520318,499.8608435298004,0.4966925397716738,3.231742130882978,True
361,192.8326826062471,0.14019414362838334,2.7640875512037044,177.71941716744584,533.0064174571427,13.517006400773331,544.8288183815071,868,1618,0.06146909995004535,0.14245370007120073,543.388529895982,0.26505684354449344,3.0656684962463814,True
362,151.89236146206213,0.2825591597367757,2.8641994163793263,171.10733166372415,435.050013052116,21.459289012577443,568.0059559659195,774,1439,0.03659279993735254,0.08550869999453425,566.0213414220846,0.3506253914116996,3.319588649083822,True
363,121.89902084391302,0.1935730206018474,2.5316520992242433,76.98641314121969,308.6059120128722,11.7981808365819,241.4157916451946,809,1508,0.04360459977760911,0.11408769991248846,240.58986311113944,0.34329315598538634,3.135823345898121,True
364,181.76836994589164,0.13260297129544588,2.0270543063481754,110.543253526644,368.4543570567079,12.051512971177528,338.2227227715421,853,1594,0.041389600140973926,0.1169569999910891,337.1798824035647,0.30928309261620235,3.059641470476722,True
365,81.31209175008685,0.3854567854885232,2.472817191229569,89.55188988215698,201.0699383344508,15.671148753668172,329.0045408197457,712,1324,0.05312689999118447,0.08828060002997518,327.8270349914744,0.3591850892657252,3.6738983538224486,True
366,89.8685531360968,0.38269721597239176,2.683565240253191,57.01570315960068,241.16812538787627,17.196222544325604,208.77503141613295,714,1326,0.04647550010122359,0.11095559992827475,208.04092366385277,0.3528669933547948,3.6617110698735287,True
367,112.81893305086822,0.3338740071312743,2.0310633303081347,173.12181446314452,229.1423978841069,18.833654628984167,602.6034745485422,716,1335,0.049873200012370944,0.09659030009061098,599.3192095912243,0.5479992806434423,3.4808061388290783,True
368,96.52497626920345,0.4993260585339356,2.0254804504018904,172.17377106278326,195.50945240877797,24.098717975291514,749.1839032425676,633,1175,0.045106699923053384,0.06686499994248152,742.502966416563,0.8997858767147827,4.351324238402011,True
369,69.31886655149256,0.43970233329822667,2.4715137193873296,75.57830801288902,171.32252969439332,15.239833682139839,298.035401546326,682,1266,0.03185399994254112,0.08350050006993115,296.92998435962875,0.37228210181644,3.943398699736695,True
370,163.68095275121993,0.09046992841038434,2.3104070433688504,163.8158048341665,378.16962610174255,7.404102038773185,495.3764375675439,915,1710,0.05213029985316098,0.10337980021722615,494.52052504696184,0.1730792711790475,3.023984395577837,True
371,94.63073474276794,0.3514771249421232,2.340018612898747,123.7296492381481,221.4376806503611,16.630269289274384,437.77640636515133,730,1360,0.03441439988091588,0.08105659997090697,436.0598303799903,0.39365606863287605,3.5381689761565807,True
372,105.3744542479773,0.2666859974720452,2.9889396691814256,63.52666796808593,314.9578864201225,14.050945719597108,208.32296999936597,789,1468,0.04344990011304617,0.109560800017789,207.61272459995132,0.3421010926874625,3.279299492049886,True
373,158.7492542778466,0.4865982093285917,2.657571830136491,126.85430948836301,421.88754622398,38.62355143192472,537.8922234556486,660,1221,0.030903899809345603,0.07908779988065362,535.5028152640256,0.4461989971882695,4.240236107272273,True
374,134.08012793946847,0.06546602055070766,2.9166523263651642,158.50062056084505,391.06511707398954,4.388846205563378,476.94461216272464,980,1829,0.05145750008523464,0.12114039994776249,476.64603786493484,0.06264067548473029,3.0091024910507254,True
375,123.04594041359402,0.45321773586687203,2.3516290876784582,135.13623773487288,289.35841259735804,27.883301260929567,543.9875077765907,670,1244,0.03523100004531443,0.07476540002971888,541.4477968845953,0.4690592346314017,4.025474712740289,True
376,131.56630278543383,0.4160724069583658,2.0772634269068844,174.88104358033195,273.29786898953904,27.3705541372743,669.4714890839841,683,1271,0.033275599824264646,0.08297880017198622,665.1977927442985,0.642470012122917,3.8281535572862766,True
377,144.24983068014623,0.4708646582707485,2.4188688448308153,85.6702124504703,348.92142130432603,33.961073614410196,354.1896076921842,659,1222,0.0370299001224339,0.08108410006389022,352.62127431909596,0.4447642519915081,4.134337917008864,True
378,114.5122445024102,0.17071372858991357,2.042105312113132,72.90911202538761,233.84606280036968,9.774406114103138,226.32987250071412,822,1536,0.04050239990465343,0.11726359999738634,225.48464287761908,0.37485019481073123,3.1042741601612702,True
379,107.44449860379592,0.11076977900321482,2.4118455769119778,92.57034995266181,259.1395387210904,5.950801682726849,281.2905086173094,893,1668,0.049518899992108345,0.1194452999625355,280.67049799851685,0.22090338073074742,3.0386674433137,True
380,183.5792138765018,0.2810617738906882,2.520117174433966,169.58591809659052,462.64112975925843,25.798549750793818,562.3451265138737,765,1425,0.036548399832099676,0.10588960000313818,560.3257882150034,0.3603864646856855,3.3159895162614887,True
381,190.80085794246205,0.37167116874446476,2.474642317368474,197.378239261087,472.16387725462727,35.45758893446073,713.4966039981447,720,1340,0.03684119996614754,0.07884049997664988,711.1025685842421,0.3366652744158846,3.614869636436209,True
382,98.05936036651201,0.34462695663404297,2.3336916667960472,186.18090857025064,228.84031213867968,16.896949466295965,653.9590572831277,726,1352,0.037493100157007575,0.08617320004850626,651.513335197559,0.37539094803440975,3.5124925659946107,True
383,162.82296644313283,0.12528273731156414,2.859930068368523,134.52783153473553,465.6622975516746,10.199453466592317,410.42106614977035,883,1646,0.04802210000343621,0.096194599987939,409.450978765814,0.23692393821610497,3.0508264458555425,True
384,107.6304904326625,0.4609634044419714,2.8571849269037815,146.9827639050244,307.52021493946495,24.80685864579957,597.9510394930985,676,1252,0.03218059986829758,0.07239210000261664,595.8059044794493,0.36003923383797454,4.068171148825828,True
385,137.16512200843042,0.4080916611179536,2.8816391894385824,117.77354666353733,395.2603910036177,27.987971243933572,444.82043841117724,710,1317,0.04517180006951094,0.09622339997440577,443.3550627626438,0.33051966056333215,3.77691299118271,True
386,73.79455216448,0.3054235729899131,2.7637590728835857,137.1872328936154,203.95036307396262,11.269297894633002,464.0717178969179,770,1433,0.039125099778175354,0.10136520001105964,462.5438191337151,0.3303251929869846,3.3827617053606707,True
387,187.63606145190437,0.33112723805143435,2.9068691096691497,139.9341767447297,545.4334708945231,31.065705393709152,484.67393952368684,755,1403,0.03919399995356798,0.08097360003739595,483.1313548313201,0.3192888801235683,3.463585171246887,True
388,125.05758495196278,0.07593382722139658,2.6807640027373796,157.585526676527,335.24987200849364,4.748050524233733,475.0243085316216,951,1776,0.05700949998572469,0.10435599996708333,474.557784040131,0.09830720455554401,3.0143904618010735,True
389,140.50979953137033,0.421925930666245,2.6023570015766593,84.51992415850899,365.65666060059436,29.642363967500472,325.20006027981066,695,1290,0.03255559992976487,0.0824021000880748,324.0016270744806,0.3698849342674922,3.847614198871372,True
390,176.9001638507733,0.1757239175818716,2.57111022053346,95.16370876301666,454.829819290767,15.542794906366437,295.88401556975964,828,1544,0.06101399986073375,0.12215050007216632,294.94319237148767,0.318984544348114,3.1092106372881156,True
391,103.42919679170693,0.21539258087401708,2.445918845999576,167.747629166684,252.97942165943485,11.138940817346182,532.1467623126367,816,1524,0.037995700025931,0.0883977001067251,530.290859695293,0.349978239943673,3.172305712791113,True
392,174.0331919113404,0.1978275584599094,2.269592637612137,66.5647748973063,394.9844510621183,17.214280723402663,209.2073402515421,817,1526,0.0399772000964731,0.09795830002985895,208.4632015588187,0.35696405272440124,3.1429136592784928,True
393,118.30269722153739,0.12927352413153528,2.9218913428967377,183.76622335008418,345.667626852944,7.646703292047063,561.464535712053,899,1677,0.049524799920618534,0.1061978000216186,559.9630226809176,0.26814503285354674,3.0553195547934506,True
394,130.02897930294566,0.14456847340974938,2.028005175786379,169.7190631975419,263.69944302859375,9.399045518427375,521.4303284380346,835,1560,0.043967199977487326,0.09620709996670485,519.6878320431217,0.3352967469071547,3.07231443901575,True
395,88.71541413900988,0.4647585434258166,2.4665983383659906,50.25978723427692,218.82529310273247,20.615623327332163,205.72121809547912,673,1250,0.03232620004564524,0.07198020000942051,204.9180189377466,0.3919612154636906,4.093157361302523,True
396,76.71511808425302,0.17512753759060684,2.7826553591134884,85.76644973271779,213.47173446217076,6.717464863033932,266.6210610737946,835,1556,0.0411294000223279,0.10057879984378815,265.7490739337011,0.3281242441172298,3.10868716036039,True
397,169.1585180517365,0.09942359001180229,2.903804814470181,64.69130819831928,491.2033191272735,8.409173572889953,196.00850433468122,919,1714,0.0632986999116838,0.12065940001048148,195.63633475936717,0.19023540579607331,3.029904786185382,True
398,186.9870989067787,0.1645687041761716,2.295165879107998,97.29780057909656,429.16640924423086,15.3861122823751,301.18298316156745,840,1569,0.04964160011149943,0.11020269989967346,300.15189063971616,0.3435235805624,3.0954757596676195,True
399,158.25313103740245,0.2681710419890394,2.6321880117984895,58.51029324340707,416.5519943462262,21.219453524164106,192.07142945573946,768,1430,0.03772709984332323,0.08724269992671907,191.42846142376354,0.3358790156875329,3.2826946988063854,True
400,136.5921400742817,0.3298369750678897,2.9153222913855457,166.72782891859538,398.21011078661036,22.52656915007528,576.8299023052547,743,1379,0.035910499980673194,0.10071690008044243,574.9189249572635,0.33239075372814675,3.4597097919801443,True
401,88.2470641056218,0.36442570668644453,2.131035481113861,113.86031035919807,188.0576247132095,16.0797493498476,408.8228961318464,706,1315,0.03661069995723665,0.0743259999435395,406.9056589490448,0.47117486342004944,3.590565446748935,True
402,145.059806013014,0.09345536798304094,2.1757469652500703,187.73363133703444,315.6134327125791,6.778308775247379,567.7754407149799,913,1708,0.04397270013578236,0.09435040014795959,567.0460993459371,0.12862117734061887,3.024367220040953,True
403,141.37194109194792,0.3954297568935993,2.6741648742089192,94.36803875984015,378.05187906681965,27.951336148782605,350.77062504391546,710,1319,0.03874139999970794,0.09004290006123483,349.6437403129071,0.3222951253180995,3.717049009957719,True
404,112.77939719140653,0.44349297468707494,2.1670059222275477,117.19420335352596,244.39362161903082,25.008435171916013,465.47417287608175,674,1254,0.0443724999204278,0.08222640003077686,462.93287637273727,0.548955719726918,3.971819079412491,True
405,76.63088026968082,0.05606648841088081,2.992190059263555,88.08664369923875,229.29415817555463,2.1482121802778273,264.670366834533,990,1847,0.04881439986638725,0.11611930001527071,264.62823544025935,0.015920974647158807,3.0046594548228915,True
406,92.42466714847376,0.12796381588971656,2.0506284567915936,166.07167453692864,189.52865256415143,5.913506545327815,507.4333548535093,851,1590,0.039906500140205026,0.09458759985864162,505.84987555025816,0.3130334472314799,3.055508148926827,True
407,71.17263058416448,0.07771547804588826,2.502520582925194,100.12072783732759,178.1109729778028,2.765607504815875,301.9192107918807,939,1754,0.043765699956566095,0.10317809996195138,301.5871578257909,0.1101018254502773,3.0155514978119986,True
408,141.53008466140048,0.15273931912046804,2.549017012828464,73.03822348395485,360.7625936289627,10.808604383122253,224.96128547776453,857,1600,0.04961439990438521,0.11384140001609921,224.2936401190474,0.2976657556419168,3.0800487025425034,True
409,81.78353038354513,0.40553449386452334,2.3147541244129948,61.29052771305457,189.30876426436654,16.58302130027242,230.85036962374068,702,1306,0.04131420003250241,0.09779050014913082,229.97428083478454,0.380950767962409,3.7664934246368174,True
410,152.43435976064947,0.4554059954011495,2.9445317685943064,170.11991562930177,448.84781494056597,34.70976067006775,686.6435810815703,691,1280,0.032298500183969736,0.08918689982965589,683.8411561238968,0.40980641960160535,4.036232786394009,True
411,117.51404746180765,0.08939127735029172,2.759710570292492,108.83059093285613,324.30475893820415,5.252365404606896,328.96493933026045,934,1743,0.043846899876371026,0.0986160000320524,328.4676484997177,0.15139720237719714,3.0227249205438746,True
412,195.81293531520532,0.3682387757276202,2.041733969127378,194.2588798409467,399.79792162759674,36.05295778605145,701.2572095482822,702,1308,0.033646499970927835,0.09674559999257326,697.1702759248118,0.5862174227162746,3.609910703296809,True
413,106.02433803098356,0.3500892328567747,2.4760562016318963,96.13969283027643,262.52221970553336,18.5589895827072,339.53255967979084,735,1368,0.037058499874547124,0.07647239998914301,338.3325048051408,0.35469689066417354,3.5316584616012507,True
414,134.58854347356356,0.39296899802727125,2.153600804697342,135.64473247833354,289.84999552770967,26.444562537378054,503.45058612787466,693,1290,0.03267240012064576,0.07071560015901923,501.06762183980993,0.47557738400956884,3.7115380518612513,True
415,82.51732818016505,0.3615623373468397,2.904217094725828,73.36835984172669,239.64823511193666,14.917579024218359,262.20076600550453,730,1355,0.03355269995518029,0.10028749983757734,261.37715139068683,0.3151058194779325,3.5737580419016464,True
416,124.55156461750273,0.3389670512959765,2.193151619245939,84.01585082798012,273.1604656204913,21.10943829634759,293.5395862546345,726,1353,0.034189899917691946,0.07714760000817478,292.3216366369165,0.4166470986308861,3.4938595915150326,True
417,179.412924961589,0.20080965940723283,2.1966941997712612,181.75716254282395,394.1153316271191,18.013924177396053,572.2120577163546,801,1495,0.041410999838262796,0.08812589989975095,570.0821925724401,0.37360667841660683,3.148222879973356,True
418,177.4936046362819,0.15524226803367,2.629219161645481,83.00922328115584,466.66958637923955,13.777254872603963,255.93757069391586,848,1582,0.0479655999224633,0.11615090002305806,255.14959298319988,0.30882969535752386,3.083242567239115,True
419,128.0780275047955,0.18885144976318374,2.2161233218612484,128.9708813554891,283.8367037713637,12.093860588544777,403.6903369260251,828,1547,0.040812999941408634,0.08847560011781752,402.1251824586048,0.3892207043217027,3.1300889990300416,True
420,138.01573207010566,0.19543077232526362,2.617250647138301,140.85682176859277,361.2217640757504,13.486260555748702,442.08048157080543,827,1543,0.03868220001459122,0.08798329997807741,440.5959529513099,0.33693650827963034,3.1385095589979963,True
421,116.96350185387318,0.1983927476617871,2.6944971250630196,147.72420846165605,315.15781948256443,11.602355254467215,464.33058232695026,828,1544,0.043054900132119656,0.13682040013372898,462.76545977008976,0.33821075532259526,3.1432260640440255,True
422,131.03842979109595,0.07817220417310346,2.32521310861855,121.41302693744792,304.6922746830478,5.121781444076218,366.1490854426837,933,1744,0.04833319992758334,0.142729900078848,365.7501255552942,0.10907990442486469,3.0157314637359627,True
423,119.04545849251288,0.4155185645520341,2.143322028147455,108.7215364251081,255.15275353791637,24.732799014623854,415.5340969931512,677,1258,0.04276599991135299,0.09207490016706288,413.24461278476747,0.5540263895892991,3.822003539099986,True
424,74.25360576725762,0.2777921454836378,2.834039373714371,135.69172455016496,210.4376423846726,10.313534227991358,448.7100880939552,784,1459,0.03672370011918247,0.10389299993403256,447.19329491041486,0.3391806632172813,3.306834588339748,True
425,194.4114996004724,0.12470711663077341,2.3906479493257606,130.60426646706105,464.7694528452153,12.122248777519836,398.39005380187797,887,1658,0.0480316998437047,0.10307130008004606,397.4441489168649,0.23799693305107317,3.0503601802499585,True
426,137.6336494167307,0.43475601706391154,2.9179061921759923,87.73814376285542,401.60207788485815,29.918528617194294,343.5094008321345,705,1308,0.045776600018143654,0.11340639996342361,342.3063610900304,0.35145117907629375,3.9151660395345824,True
427,83.67742453376619,0.30412217691026305,2.1562122071493612,151.64258252558295,180.4262842425261,12.724080253726612,512.8604316082954,743,1386,0.03483989997766912,0.09039429994300008,510.70153405975555,0.4227317531979856,3.3820344066072137,True
428,176.4828030044154,0.19000241157360936,2.0556986796423375,51.68447103296932,362.79546511575546,16.766079086054578,161.87776983047974,808,1510,0.0388758999761194,0.13748240005224943,161.2386187812025,0.3964007221772101,3.132038823174151,True
429,161.45284008386335,0.11722713672190302,2.583341519231607,138.07556068863715,417.08782518650526,9.463327079325296,420.32346352758395,900,1681,0.04955410002730787,0.11310479999519885,419.3244612855802,0.2382408693594911,3.0441553989081447,True
430,173.11657688227655,0.20245092894898142,2.0472880821894113,70.76547151445457,354.41950468051175,17.523805903142325,223.10354965103335,793,1481,0.040901299798861146,0.0952914000954479,222.14494221730112,0.4315234117707351,3.1527176301716886,True
431,123.63061528905183,0.20342515551948143,2.0006517241165387,69.22023496521341,247.34180363163006,12.574788571072274,218.43036683731322,792,1479,0.03750950004905462,0.10938420007005334,217.40471266247064,0.4717718223684232,3.1555854577362425,True
432,189.21567500281495,0.4584216036940858,2.108054851712329,102.64236788981825,398.8770217097073,43.370276589424684,417.279100712599,656,1218,0.04930060007609427,0.07767189992591739,414.47003925233565,0.6777477728741608,4.065369002014144,True
433,148.51504119485375,0.41168407432271803,2.8481333911678464,55.588089803156095,422.9906479177312,30.57063862865185,210.94778736589683,704,1306,0.03302179998718202,0.09515709988772869,210.23177168696034,0.34058395322028157,3.79483785308845,True
434,169.91600127607984,0.4594028338443059,2.9564687072451816,148.28310950846378,502.3513406329624,39.02994625086189,602.0306255272088,680,1257,0.03561790008097887,0.07420350005850196,599.655764446259,0.3960373970794452,4.0600080988512435,True
435,144.3856020359807,0.4724461641626298,2.1189728178665024,149.90622270590367,305.9491660055334,34.10721192110554,622.6982869301154,652,1211,0.03134740004315972,0.08484450005926192,618.5544761377314,0.669918487739033,4.153918868009686,True
436,116.18059763679236,0.2981139978406954,2.326256005277305,147.2702580621957,270.2658129492945,17.31753121651271,495.20188281800694,744,1386,0.0412538000382483,0.10002160002477467,493.4226450431538,0.36059102530600734,3.362538297507916,True
437,152.75334126504734,0.18344771049149444,2.1983595607878965,108.31976975369113,335.80676821231316,14.011125362499428,338.17511279998655,829,1550,0.05979000008665025,0.11476049991324544,336.8818703346169,0.3838860381786342,3.122007308259283,True
438,140.93567178269794,0.3578847114329513,2.555650436388548,173.21320860547814,360.18231109416513,25.219361113279994,616.521580939897,731,1361,0.05225330009125173,0.1163855001796037,614.6255361884844,0.3084877929366099,3.559321981871067,True
439,92.180256178007,0.17421244418842988,2.3860971073123696,63.36171537402512,219.95104261765567,8.029473867343107,196.9044060059981,829,1548,0.04027580004185438,0.09711079997941852,196.2498212212182,0.3335466910015849,3.107624294002594,True
440,178.39349717332152,0.12912388938167774,2.8667882278365338,151.08649979134321,511.4163776190681,11.517431097709304,461.5396040134732,893,1666,0.04895090009085834,0.09378280001692474,460.3626316987427,0.2556620007118011,3.054803735945162,True
441,171.2831845117858,0.10306791295961681,2.898010176930795,84.48889134749464,496.3804118522704,8.826900176353362,256.21276545740943,919,1714,0.042770199943333864,0.0973418999928981,255.70915736604456,0.19694566145081718,3.032502396127215,True
442,181.2214441086668,0.3862277354319842,2.097419759783257,62.6338374193146,380.0974377699749,34.996373984902135,230.77237570485062,690,1284,0.0491752999369055,0.12695050006732345,229.496986402679,0.5557324835341411,3.6844680960532457,True
443,199.49167231891184,0.17290302121835197,2.7673615324722354,65.37168123606453,552.0655800239128,17.246356425920666,203.01737458507588,829,1544,0.05138780013658106,0.09252599999308586,202.36148672703558,0.32411693976385225,3.1055859471008125,True
444,159.8602150428734,0.14969867326169356,2.711653936177095,88.32985213213246,433.48558135912447,11.965431049623588,271.81597708524845,874,1631,0.04865260003134608,0.13712089997716248,270.9550017762743,0.31775582784224193,3.0772832799339396,True
445,88.6762400252862,0.06449154272158879,2.065739296218664,94.52697026804944,183.18199366115206,2.8594337609903033,284.41296167229467,966,1810,0.06153239984996617,0.1607661999296397,284.230441010603,0.06421573320673074,3.0088022589297734,True
446,98.60551068615035,0.1337710684317025,2.0206697987044024,191.3470925195741,199.24917742932823,6.595282258869996,585.5685095573251,843,1575,0.05053970008157194,0.10520679992623627,583.8583357107638,0.29290904008066776,3.060242524967677,True
447,150.18010265170818,0.13636501489988373,2.103234975594822,109.80385018004314,315.8640445354933,10.239655967883127,336.3245696779955,852,1592,0.046829700004309416,0.10158960008993745,335.3175347486072,0.3003227761838559,3.062957893794534,True
448,157.26967286901424,0.052389994346396164,2.2670902033772666,180.75574711869314,356.5445346496897,4.1196786362336155,542.9827786498568,989,1850,0.04860249999910593,0.11217019986361265,542.8423380119732,0.025871349386248462,3.0039585866849783,True
449,61.320363267246194,0.22536957464876772,2.453445714414274,187.15672069540184,150.44618246435164,6.909872093423598,597.313353827718,792,1477,0.04482940002344549,0.09550910000689328,595.0741698396454,0.37628653730273004,3.191514318098399,True
450,147.55455304556938,0.4619194041336608,2.6728649202077825,77.945968929562,394.3933886524408,34.079155610009025,317.6387500285623,675,1252,0.039161100052297115,0.07988510001450777,316.4202859217177,0.3850777466100976,4.075114523441298,True
451,86.22553495010676,0.3012428353450024,2.4219259294472613,146.08297417363787,208.83185887612464,12.98741231375488,492.40976067453147,751,1399,0.0392295999918133,0.08446990000084043,490.75417086174406,0.33735623884362803,3.3707539393963937,True
452,186.6427350815136,0.10081097983236056,2.381777632072103,67.3338556052303,444.5414916059083,9.407818501079541,204.087034304055,919,1718,0.04501509992405772,0.11583530018106103,203.6881604884082,0.19582572432800913,3.030972049196038,True
453,199.89599311661988,0.14079332206535689,2.353170250089875,134.3681302571391,470.38930411420034,14.072010469221313,412.0365195695294,855,1596,0.042522700037807226,0.13153929985128343,410.92027525880457,0.2716449827212332,3.0664750546206068,True
454,71.79354096407415,0.20053734980749843,2.032500805774578,172.00704209159306,145.92042985889088,7.198643219115754,541.771623003305,800,1495,0.0543337999843061,0.12806100002489984,539.4252802107125,0.4349708622621415,3.149706060957747,True
455,90.81008411485678,0.23292868433836422,2.5594713424618916,146.65970045547087,232.42580789852977,10.576136708764889,470.2643313967002,801,1493,0.061672299867495894,0.12598069990053773,468.4593496422398,0.3853016821713282,3.2065000128612895,True
456,158.8767478807783,0.1899176673490312,2.501484312561478,74.6777612616191,397.427692454552,15.086750676758777,233.73204198897895,819,1528,0.038904699962586164,0.12035320000723004,232.96066384576207,0.3311194819257514,3.129874785214087,True
457,69.11096410220674,0.20952792203880366,2.182531679465306,146.15567000171978,150.83686855145572,7.240338349216866,462.48366049437004,794,1481,0.03715400001965463,0.08482460002414882,460.53785421304275,0.42250734951033403,3.164322400143136,True
458,119.43691929509588,0.2807686020063551,2.005783083877194,180.18572186924945,239.56455231250897,16.767068429214966,598.4088151782446,740,1381,0.03497950010932982,0.08040350000374019,595.2111982098022,0.537223926239923,3.321066780266174,True
459,134.75992046190373,0.3189056244525498,2.600230757418702,163.43998003358,350.40689005234,21.487848293039676,559.80355802556,762,1420,0.04022069997154176,0.08106289990246296,557.7853255789515,0.36182960613273646,3.4251323201981796,True
460,95.9754991277076,0.1505435076933827,2.9438457168745864,83.6088385572853,282.5370620320026,7.224244145654146,257.2653916450682,861,1604,0.04077270021662116,0.12445189990103245,256.5507036099316,0.2785757454882,3.0770119054913154,True
461,64.31656890004982,0.05826801235203614,2.526673761637836,151.75376580110532,162.50698707832794,1.873799315554343,456.1769479523292,981,1834,0.04869870003312826,0.10707019991241395,455.99430101234094,0.040054654100453516,3.0060337912814195,True
462,170.82228379649501,0.4740081606264621,2.3627693208746723,189.81413122206285,403.6136514761051,40.485578268194054,788.80743936861,659,1222,0.032830100040882826,0.07435799995437264,785.1602875361589,0.4645104815343976,4.155683427203779,True
463,131.74997064909616,0.1855597580835292,2.7351502698085985,91.55017570835678,360.35596776815026,12.223746340579178,286.053989104763,840,1567,0.03939659986644983,0.09477120009250939,285.00610251660174,0.3676716319083757,3.124559695177644,True
464,138.92864760681684,0.11782089841389644,2.0607495669132683,162.16056930017604,286.2971503875939,8.184349038231392,493.8442879068356,855,1596,0.0579110998660326,0.10518800001591444,492.54552639916386,0.2636835455935466,3.045403022683514,True
465,93.23845773618449,0.46940291486458435,2.2450097219129073,93.87098401529565,209.3212440738999,21.883201919421676,387.4580778027568,653,1212,0.03134960005991161,0.0754039001185447,385.4933117305115,0.5096757874800247,4.127559563449586,True
466,72.23053619056294,0.1126130132553343,2.5920670665415466,111.76942090590057,187.2263940581955,4.067049164733884,339.80784001968635,906,1692,0.055802599992603064,0.10571389994584024,339.0352579587786,0.2278766124677552,3.040257677507096,True
467,118.16600415794805,0.32997522332540236,2.7446967979233654,131.98402864362794,324.3298532357191,19.495926805744666,456.6972278247679,739,1373,0.035052399849519134,0.0861751998309046,455.1745072185648,0.3345355642845514,3.4602461564338434,True
468,156.3220130457883,0.1305567289864756,2.599093893189235,65.93023274827578,406.2955894783563,10.204445345919645,201.50752082098015,883,1648,0.046731699956580997,0.1121462001465261,200.97616370185276,0.26438812908960596,3.05637508653039,True
469,81.5223217298988,0.4022056174666698,2.6434527171587954,85.9158833938157,215.5004028859945,16.39436787434523,322.1027773136012,704,1307,0.03333040000870824,0.07615020009689033,321.01964021854275,0.33740524234626296,3.749048075745985,True
470,160.44922960529001,0.2243134983740377,2.416591676977367,167.18762387640265,387.7402728415744,17.995464002090912,533.2244547777848,798,1489,0.04684809991158545,0.13169399998150766,531.248336645171,0.3719763425694612,3.1893775532809974,True
471,194.21330301029303,0.3212011953513741,2.9098727740381083,101.42169316849566,565.136002785665,31.190772540022373,348.07457499465625,763,1419,0.034941399935632944,0.08679269999265671,346.8695962518956,0.3473866708933484,3.4319538958631552,True
472,88.30092707695101,0.30809917294763883,2.816772132213447,106.58609883499665,248.7235906389674,13.602721301459187,361.4774313153426,758,1409,0.03768500010482967,0.08177709998562932,360.2153777162529,0.35036083331341,3.391412531900028,True
473,179.20244264238562,0.4878404797948595,2.5916836385426634,50.4234497883318,464.4360385831509,43.71110279953609,214.23188679423987,651,1205,0.03153900010511279,0.07094989996403456,213.2939792628966,0.4397252724078225,4.248655887162525,True
474,60.748177799462404,0.3846762360317164,2.6249350532207902,90.49175975162035,159.46002132509787,11.684190190841337,332.1030713792475,714,1326,0.03573199990205467,0.08419000008143485,330.9613048307286,0.3449849066503123,3.6699813584219845,True
475,188.99855817828578,0.43789022444493314,2.665151207886864,160.52669043211142,503.70973561773405,41.38031053022916,631.3292843296774,688,1276,0.04730389988981187,0.07582990010268986,629.054641882333,0.36159695770432876,3.932861772894233,True
476,176.39508071307264,0.2936998903873952,2.719557148478768,165.939230428646,479.71650270972594,25.903607935152582,555.7682672518464,762,1418,0.03923640004359186,0.1003086999990046,553.9141047426584,0.33473827319298777,3.3492277011060816,True
477,74.02761468497029,0.283148126381861,2.0589889833326156,100.82320937364543,152.42204309874558,10.480390199283837,335.39746547339513,748,1395,0.058228000067174435,0.09306530002504587,333.6780041906894,0.5153055523920825,3.3265898552230175,True
478,92.77345341356863,0.09070272787423997,2.170849960421752,116.26958143210862,201.3972476710347,4.207402649462197,351.57421234618084,912,1705,0.05107819987460971,0.10943409986793995,351.0052151936243,0.1621050422976444,3.0237849660744653,True
479,128.3676019258068,0.4051738324299889,2.70240057319142,191.0070277430131,346.90068102350835,26.005596616063183,718.7208185525319,703,1305,0.03316710004583001,0.08526329998858273,716.3680991554802,0.3284232505363254,3.762797772653274,True
480,84.85083109548735,0.40356487763953586,2.610522767090024,150.89605005595,221.5050263812799,17.12140763433164,566.6427525174636,710,1320,0.03868029988370836,0.10303840017877519,564.7807146372428,0.32969218529651184,3.7551861185720954,True
481,179.94858177502556,0.4185293165377969,2.9706477875064348,93.54328859784354,534.5638563149005,37.656878471123655,358.22337208660315,700,1296,0.032925300067290664,0.08544300007633865,356.9698009295401,0.351170086040551,3.829493034253462,True
482,151.2774187075975,0.47190236966905735,2.2413559905985503,142.45843938362387,339.06654866255883,35.694086182766725,590.3837254555508,652,1210,0.04348700004629791,0.10499539994634688,587.3198178023257,0.5216761907830464,4.144252372902364,True
483,141.23126921897557,0.2521352661279531,2.7812882941790806,176.88458034557829,392.80487585079106,17.8046918250575,574.2035703286307,791,1473,0.05986679997295141,0.09327760012820363,572.1327750206398,0.36194313599954414,3.2462047805795895,True
484,191.95349685783938,0.3597784673191306,2.6127544339611903,190.693617227353,501.5273500296753,34.5303674480305,680.1870483247569,730,1359,0.035189899848774076,0.09877070016227663,678.036817892011,0.3171259105708944,3.5669104095592727,True
485,140.46869735507735,0.3908952975192203,2.8335860696809454,51.47349995280093,398.03014405157586,27.45427662237514,190.2669306536557,725,1347,0.049801799934357405,0.09108599997125566,189.66355196948248,0.31813106836167115,3.6964055451469706,True
486,175.52458182402432,0.2552334409990685,2.1587986516809474,106.26056406266491,378.92223057856586,22.399871499434138,345.9649133534731,775,1447,0.04065959993749857,0.09196390002034605,344.4360177023559,0.4438837904688515,3.255816646610756,True
487,121.73749946571547,0.28628376688728185,2.433048071209919,180.34819222054762,296.1931882689776,17.425734959241744,600.6508776961092,771,1438,0.04433860001154244,0.10258829989470541,598.3675405354173,0.3815944224930298,3.3305067841299674,True
488,68.29317729845125,0.10896340929234358,2.394094097781182,138.95439347582058,163.50029268894596,3.7207287149228656,422.0144027101136,904,1690,0.04752280004322529,0.13077629986219108,421.12218803963503,0.21186598469957102,3.0370713163779754,True
489,85.26295470920233,0.33616482973705153,2.331150210802195,69.55792576162864,198.760754843975,14.331203326348469,242.21977726717606,735,1369,0.03472620015963912,0.08881370001472533,241.3427274398481,0.3634042909151096,3.482274300375927,True
490,199.63393685581366,0.1312622358755636,2.452428158023479,54.176963033137085,489.5878880422786,13.10219845416759,165.62642058269802,866,1616,0.040629300056025386,0.09459049999713898,165.1835931858524,0.26808194948718583,3.0571374124716697,True
491,108.47643219628074,0.07381624221169181,2.2212702192329563,55.12265323660627,240.95546832624143,4.003661296630411,166.127789068417,958,1794,0.04577570012770593,0.1517254998907447,165.9471236656029,0.10886925836578847,3.0137843393592965,True
492,106.69385438514098,0.21402057633527433,2.942687785727078,113.30458121244115,313.96670211129776,11.417340103469854,359.1064821399802,817,1522,0.03811860014684498,0.12435169983655214,357.9080297734764,0.3348492536650506,3.169390666266805,True
493,115.33736257356168,0.2869839551510149,2.972825192613767,159.46706306116968,342.8778171083124,16.549986244023682,531.199514504337,774,1439,0.03649060009047389,0.101045599905774,529.3860977657556,0.3425508803942565,3.331092354165795,True
494,193.6350508799446,0.24757584421985857,2.076265853654239,114.61771343777312,402.0378442126302,23.969680596078774,371.2942798048617,764,1426,0.04128269990906119,0.08781619998626411,369.5869006387249,0.4619696107156558,3.2394144732824417,True
495,73.45966144132136,0.12632980976464564,2.0401482778172473,73.96374506030284,149.86860177854982,4.640072527628701,225.8190697507516,847,1582,0.04242340009659529,0.09529870003461838,225.18472795416199,0.2816984092805505,3.0531048632899904,True
496,103.87338751432891,0.33848299828036343,2.5977421059908523,57.84606101141212,269.8362724378767,17.57968782369406,201.83949760137835,740,1377,0.037101499969139695,0.09589289990253747,201.16999316607073,0.3328053179158472,3.4892522338134415,True
497,96.261776233206,0.4360322307707406,2.574911597709299,68.94887072113328,247.86556403897953,20.986618514459337,270.47232662610236,679,1260,0.03991419984959066,0.11790770012885332,269.48274364127377,0.3672157153579697,3.92279559907572,True
498,169.71243696731514,0.25876793998518505,2.7605246943821165,110.0369343980534,468.4953731920418,21.958068851948852,358.8655020154506,782,1455,0.04594950005412102,0.12724549998529255,357.5633360468313,0.36417770988934867,3.2613186106882224,True
499,107.28008286394189,0.12319922890512269,2.924154300599353,88.47198921316078,313.7035156752506,6.608411742857653,269.72516661765997,908,1694,0.05443760007619858,0.1409335001371801,269.1165696445305,0.22614622872658724,3.048706929916487,True
500,93.4820175243671,0.31259912472853535,2.03304702483844,137.95238081154235,190.05333760380944,14.611198427987379,470.59656202256923,725,1351,0.03698319988325238,0.09718120004981756,468.09769218570756,0.5338351114686334,3.411297139303846,True
501,197.18377415885533,0.08425170815529795,2.840510734809169,72.32875415480407,560.1026272284154,8.30653489669603,218.3841178783867,945,1764,0.07457239995710552,0.1286290001589805,218.10089163590155,0.12986019468364263,3.01932641354478,True
502,184.2986233812622,0.4938406097292005,2.6099526274932705,69.90701093526293,481.01067633731793,45.507072271427404,300.0768948225397,662,1227,0.03337000007741153,0.07116209995001554,298.68316955564075,0.46662330153133585,4.2925150254303475,True
503,86.86042973733421,0.4341015151566722,2.6445856462280055,165.27171853479666,229.70984570855026,18.853122078068225,646.4765902845243,699,1298,0.03305409988388419,0.07789190020412207,644.2103290486067,0.35178902506336174,3.911598403016628,True
504,138.64085091392565,0.3586855803847798,2.484385613893465,185.39394229956764,344.43733550850556,24.864237037550577,660.5774717648219,721,1341,0.03541170014068484,0.08149649994447827,658.4149956675457,0.32843664125294736,3.563101704247876,True
505,145.8688131001764,0.29790109986313806,2.0309862226447057,123.61275586281721,296.25754971999385,21.727239929136534,416.20313871519124,743,1387,0.036021099891513586,0.08487840020097792,414.08445421132245,0.5116551665539102,3.3669918270982047,True
506,150.93608337478082,0.3733726676116242,2.4071896974447267,143.99332435337107,363.33178487243066,28.177704044246216,521.591100320024,708,1316,0.034886499866843224,0.08403549995273352,519.7725375864534,0.3498766483537302,3.6223283451668773,True
507,143.92573823485557,0.42908291798340104,2.596978168608354,196.17272999347307,373.77200009676056,30.87803786736349,762.1551843048486,691,1283,0.038051400100812316,0.10247149993665516,759.3612254493331,0.36793541227526183,3.8851229950778916,True
508,114.13172362368417,0.2797604239425425,2.1128997126015046,141.5325769151527,241.14888604319663,15.964769693127488,469.3350588092843,751,1401,0.051703400211408734,0.08788720006123185,467.15812087675914,0.46599595195723054,3.316092090166957,True
509,163.7480634048868,0.2115399790307167,2.7053986272371886,129.98542338990677,443.00378594832887,17.31963094949511,411.49097662595904,819,1527,0.03919539996422827,0.10552289988845587,410.0359389206191,0.3548561399691374,3.165670164350989,True
510,81.94012693758901,0.11984559998681156,2.3203676449492336,177.96062560515935,190.13121936901467,4.910081837915428,542.0878490173438,886,1656,0.07266919990070164,0.10733039979822934,540.8281774563152,0.23291529797010296,3.046111167422351,True
511,60.98265932641047,0.3748809442487006,2.819555062238973,77.66795183186326,171.94396581257536,11.430618455540793,281.7811371279142,737,1370,0.05040260008536279,0.09407730004750192,280.8406184278739,0.33489411371661404,3.62802327706437,True
512,157.55945594735093,0.38104867137630766,2.7150123525522436,83.89756543154863,427.7758691584688,30.018910675755972,306.528310479138,720,1338,0.03583170007914305,0.07700360007584095,305.5374196855214,0.3243107815194859,3.6536019716714194,True
513,115.93664888958659,0.22962080542022684,2.2766760987372807,81.42803022458673,263.9501974946179,13.31073334787446,260.56281973460887,787,1469,0.06334500014781952,0.11818789993412793,259.56830588937254,0.3831414786288224,3.199915545248366,True
514,107.74307359558968,0.11143630542358593,2.3558690786878533,163.39224177625005,253.82857552663944,6.003245028237014,496.5847093026273,890,1662,0.04310789983719587,0.12006179988384247,495.4810478582603,0.22274544084735823,3.0392184102758826,True
515,102.56764167985841,0.07643038576402622,2.9184959360934357,155.58639473508651,299.34324541735447,3.9196422102489965,469.0858375101098,955,1782,0.04450989980250597,0.13722059992142022,468.572039566729,0.10965185713084154,3.0149540922830163,True
516,109.92068828312291,0.11348145251633744,2.803497587006369,136.40432972722965,308.16238436381434,6.236979683982171,414.8103644717852,908,1694,0.04310090001672506,0.1460784999653697,413.8512651651788,0.23174975826728203,3.0410351731597483,True
517,101.26376301078676,0.15822295464213323,2.3211404692081907,111.58276214681695,235.04741838864462,8.011125890873721,344.47374437526435,848,1584,0.07175059989094734,0.11476459982804954,343.3640305251033,0.32318873018351807,3.0871591431122405,True
518,150.5408717677002,0.17381503608646195,2.7976101105311275,149.37039150634098,421.15466490548806,13.083133529395125,464.0503629613518,847,1580,0.05809969990514219,0.14986050012521446,462.5647396503764,0.3211708942835367,3.1067091562229203,True
519,88.00328621070187,0.4229660825173599,2.4656985993632796,73.24533955998953,216.98957954909343,18.611202608597285,282.3093187150954,690,1281,0.04155119997449219,0.10019120015203953,281.17424465201356,0.4036906241133976,3.854297357497782,True
520,127.70514272061259,0.33160991745623686,2.264319965064592,197.57280178118512,289.16530430370625,21.174145918159642,684.9990353396145,723,1347,0.03531900001689792,0.10186649998649955,682.4524474955051,0.37315242306697516,3.467071525858409,True
521,139.56552621466318,0.3860314360573148,2.187644782165879,118.34767090219304,305.31979519374306,26.938340254370623,435.6274937730825,703,1308,0.036583999870344996,0.1134321999270469,433.5370845789583,0.4821754051684828,3.680913113474801,True
522,105.2596547549771,0.4975400708315877,2.8266387011011473,125.3221065921441,297.5310137949637,26.185448041249888,541.2551573030574,666,1232,0.04312639986164868,0.09393940004520118,538.8101318408997,0.45378238412186284,4.31891205806611,True
523,75.17992691241022,0.2258537761304249,2.3650999087218563,146.39860245559495,177.80803827825724,8.489835191188602,467.33758274513474,793,1479,0.06641110009513795,0.08725729980506003,465.6160561066784,0.3697309437417502,3.192227076668206,True
524,190.19454288714476,0.1996274298992115,2.7018760619455593,193.51423003344263,513.8820825394545,18.984023888708034,608.6271416260947,818,1524,0.047980000032112,0.11020929994992912,606.5900991081662,0.33581862297512866,3.1451286115802097,True
525,68.43540447782377,0.4630411616839807,2.464193055775646,181.40946390678036,168.6380484834509,15.844204594862305,740.5636171934509,667,1238,0.0473299000877887,0.08240219997242093,737.6916985683403,0.3893115010897192,4.082276642270434,True
526,91.13508550594288,0.12438033836358973,2.3772864133900926,66.05107880640944,216.65420055642238,5.667706386011929,201.45610506000173,888,1660,0.04291269998066127,0.12840880011208355,200.98262813933908,0.2355810176461578,3.050004764501332,True
527,139.89218464329178,0.09537671455194079,2.4464808327650855,70.02001252852524,342.2435483834476,6.6712284813853175,211.92089285989857,913,1706,0.058011099928990006,0.11159040010534227,211.57461388927243,0.16366754227299204,3.02657604886267,True
528,118.63509225163854,0.41242410076145264,2.6819858752665233,134.61084973963187,318.1776417298355,24.463985620317,511.35314054279314,702,1304,0.03266479982994497,0.09430480003356934,509.58222869934013,0.34752229252050054,3.798751300744828,True
529,178.26295960110502,0.4072821979062244,2.364891750558525,153.01396265775804,421.5726025908009,36.30166499580327,577.6075901086589,685,1272,0.03264150000177324,0.09493789984844625,575.4197953782751,0.38020845788691077,3.7748685157613835,True
530,74.38165313639516,0.45993523550022597,2.722720645187806,181.97105873952597,202.52046261766142,17.105371576092015,739.5220976803234,688,1276,0.039227799978107214,0.12640680000185966,736.4831587493364,0.41262843486436196,4.063954470578083,True
531,75.76699307015917,0.4854266745181898,2.212660992259397,57.3008114174704,167.64667006712924,18.38965974214505,242.84890694357253,650,1206,0.04622239992022514,0.11268569994717836,241.42460374725565,0.5899577649542171,4.238140803526746,True
532,196.06743762111623,0.4027886577737932,2.0367978856998437,61.43650258588751,399.34974240127553,39.48687001627816,231.2490150515772,689,1284,0.049567499896511436,0.07859780010767281,229.72236246146656,0.6645642042649299,3.7640328683797355,True
533,159.12128663282283,0.21023216322122418,2.207495780644462,74.82022642163331,351.2595688526745,16.726206151681403,236.82768818792428,801,1495,0.054668799974024296,0.1259661999065429,235.84963043799388,0.4146954769927175,3.1652896484612696,True
534,101.95595858033498,0.15585172725261304,2.8672352433120674,147.07335914636263,292.33171770720185,7.94500612422054,453.4861034729056,848,1578,0.040541599970310926,0.10141700017265975,452.16986178761283,0.2910945192342372,3.0834007335183724,True
535,136.17462935919244,0.2694045428382986,2.6912331244318928,77.77904019068062,366.4776732386944,18.343031884343997,255.60641652087037,785,1463,0.03864709986373782,0.08935080002993345,254.70356489490104,0.3544715309901058,3.2863148721587954,True
536,160.19681565285032,0.16118184099019722,2.8499056584973603,185.6008596231255,456.54581140231664,12.910408833846828,573.5285934108791,863,1609,0.06883740006014705,0.11840920010581613,571.7877018515876,0.30446467345381795,3.0901181954408288,True
537,133.39218729945776,0.2907080280926041,2.018343770351895,188.59487308836077,269.2312902494737,19.389089866392336,631.4355881864335,744,1388,0.04029949987307191,0.08835510001517832,627.9845779368335,0.5495374203197616,3.348105798669258,True
538,64.79217382707782,0.07979034968525343,2.1423975897469085,195.6714709412125,138.81059704159424,2.5848951032651324,590.3999875134522,930,1740,0.04356239992193878,0.10199799994006753,589.5982669974428,0.13597742070921748,3.0173023418975156,True
539,137.5462963407699,0.3572258342710816,2.566585822478407,152.59363130707578,353.0243741226337,24.567545230614478,542.7608462723651,727,1353,0.038458499824628234,0.12709530000574887,541.0764863905356,0.3112979262997988,3.5569036638241225,True
540,67.77724974774003,0.2762306539447493,2.392607264987898,53.53623460520115,162.164340147342,9.361077010197413,176.88047138835537,762,1421,0.05028099985793233,0.11584630003198981,176.22437502129443,0.3723073876594307,3.303939335531287,True
541,72.75688235731172,0.4706283465632626,2.593106256871284,92.68610435527808,188.66632687119295,17.120725622459712,382.8384800536039,665,1232,0.03811859991401434,0.10159310000017285,381.35761956317555,0.3883128104598028,4.130484097013436,True
542,125.33410691910284,0.4849238695777992,2.013582256713637,169.21139415304174,252.37053385335537,30.388750058644483,718.9701218169355,637,1182,0.040127999847754836,0.08402789989486337,712.3485942404112,0.9295347292128672,4.248946268752265,True
543,157.08962489452855,0.4589816892201145,2.798648070056977,61.76513146709389,439.6385755370468,36.05063069652243,250.64751782374836,676,1251,0.05282230000011623,0.09888100018724799,249.61869956741268,0.4121559234619109,4.058074707689788,True
544,104.04212284578543,0.3169292394375271,2.670743278238465,137.75453426317534,277.8698002440421,16.486995431490268,470.86734893081837,746,1387,0.047031200025230646,0.11971780005842447,469.2710976691437,0.3401554601600595,3.4181622510605885,True
545,87.6101389170808,0.27096458313830113,2.3241618634451697,54.028684411122256,203.6201437222127,11.869622385177726,177.78911223214746,772,1441,0.04449759982526302,0.12817300017923117,177.1347570008949,0.369410974069454,3.290643001397015,True
546,81.2062955873111,0.1394735096654619,2.2941817726473728,69.4123756776225,186.3020031606239,5.663063526246596,212.7944367730986,869,1624,0.06239559990353882,0.1393053000792861,212.18272429461015,0.2882951383163012,3.065655579365227,True
547,78.86311709599003,0.43703168046259677,2.088884813946686,86.2154206394793,164.73596768231283,17.232840295489535,339.58656379039223,660,1226,0.03187980013899505,0.0733998001087457,337.44243453612035,0.635405934413497,3.938814672266304,True
548,92.51905432234666,0.1098235181582004,2.1864021439667938,154.42761481768053,202.283858728159,5.0803840211748845,469.1782529334722,891,1666,0.05874860007315874,0.10671439999714494,468.1125750270025,0.22765419331199208,3.038175869564461,True
549,188.5105461759815,0.452969490663002,2.3617414428218515,157.30056133226947,445.2131693127978,42.69476304296933,632.8058282834542,668,1240,0.0333872998598963,0.1115073999390006,630.0211005775842,0.44200546669262364,4.02290890079384,True
550,76.08338516860897,0.09457832685619827,2.037105271418285,122.87210383701864,154.9898649943211,3.5979196354013636,371.8773750822598,902,1688,0.06332780001685023,0.14811359997838736,371.2150123931432,0.17843100817676957,3.0265403087386655,True
551,89.35474277618889,0.19148556426140617,2.572281937663366,199.63360159772594,229.8455908877468,8.555071669965669,625.2800942038709,818,1526,0.06581049994565547,0.10379449999891222,623.237822509247,0.32768738046118445,3.1321385237734125,True
552,164.13811921492544,0.26550313182778873,2.9810002346630857,174.13169718178347,489.2957718968503,21.789592351942826,570.5300017758067,784,1458,0.045420699985697865,0.12534320005215704,568.5893302128328,0.34131339788726756,3.276428192049413,True
553,95.99784555511921,0.3751329307979169,2.195077642361454,98.58683609258426,210.7227244929101,18.005976576688823,358.13169482789465,713,1328,0.036979000084102154,0.09366009989753366,356.5842900283919,0.4339520396088018,3.6326522791700935,True
554,136.14403731321318,0.31778166551552406,2.9840525069549555,157.80279238288017,406.26095585146277,21.632039463700266,539.823846368624,773,1438,0.056464800145477057,0.09736309992149472,537.9884102486893,0.3411664796061758,3.4208763876550314,True
555,121.41027691582086,0.06599639739432436,2.4265838383199325,70.52149321760606,294.6122157698785,4.006320441545739,212.25379848966224,966,1806,0.04593869997188449,0.1143121998757124,212.08711370992074,0.07859260132583183,3.0097745921901717,True
556,188.25422744624848,0.2078360115796825,2.3662947275905224,166.23992664833975,445.4649858526848,19.56300389772134,525.376709749067,801,1493,0.039424199843779206,0.10194900003261864,523.344675143895,0.38827845236283914,3.1603521509031776,True
557,168.07457481358603,0.46145582128734036,2.1766609841424267,110.80168109109201,365.8413694230601,38.779495479061936,451.93382101792986,666,1238,0.04086460010148585,0.08918319991789758,449.47979589774405,0.5459700619656086,4.078763215211393,True
558,112.34683703169637,0.28582256687903784,2.174251485533107,111.36855991504613,244.2702773111117,16.0556306705702,370.92540891618626,744,1387,0.03678399999625981,0.10284440009854734,369.3666480215383,0.42200910748093656,3.3306115226697246,True
559,161.20089412243377,0.1083559275639982,2.0576316558357934,152.36942410275094,331.6920626953538,8.733536203391088,462.6653974213283,892,1670,0.05741889984346926,0.13734650006517768,461.7118259567097,0.20652957342877906,3.0364713927731852,True
560,88.93843841202896,0.05987271616601477,2.5306311216192627,174.31181760280592,225.07038015369855,2.6624929396459978,524.0588755731799,966,1804,0.04619550006464124,0.1325287998188287,523.864060786322,0.03718804198276193,3.006444903049098,True
561,63.72597101919515,0.223611368205821,2.6227381036254354,74.20595714893516,167.13653238257334,7.124925784923363,236.55791002259926,804,1499,0.06780710001476109,0.10938229993917048,235.69595817106395,0.36570497781286515,3.1878560578069957,True
562,128.6856584631591,0.20599457747307376,2.5284660943672774,145.28422091887342,325.3773242554252,13.254273920981367,458.5751621294264,815,1520,0.03844929998740554,0.09769900003448129,456.92318932328686,0.36154278109328647,3.1564003250256225,True
563,140.30695848611128,0.20003561622834987,2.322033797374632,95.6717029828823,325.79749961158984,14.033194450947386,301.0216984451699,798,1488,0.058113900013267994,0.10288570006377995,299.95539964831136,0.35548578158910343,3.1464026358873225,True
564,181.95262833928754,0.33989284731908465,2.4759412813183497,149.68563516927964,450.50402374961703,30.92219846171581,523.0841783418891,735,1369,0.036141900112852454,0.09090219996869564,521.2945799098054,0.3432988757322891,3.494551616461611,True
565,118.0022354228984,0.3056059796393983,2.6035416237088387,76.08608218188098,307.2237316142055,18.031094378026886,257.4300252470035,764,1423,0.04175710002891719,0.11342910001985729,256.57465364469397,0.33338117782050436,3.383404925905194,True
566,160.7213187155402,0.4166930462935442,2.614248480439721,96.42384845038073,420.16546322636907,33.485727949947034,368.3804623571482,692,1284,0.0380386000033468,0.0759812998585403,367.06909579101915,0.35725332945915705,3.820428952767998,True
567,72.35871960842718,0.4451587871779047,2.811371051982837,104.20813410061203,203.42720966567506,16.10555993131676,414.10453318307793,693,1285,0.05199220008216798,0.10189370019361377,412.6268204235776,0.3581232935812051,3.9738215903881713,True
568,158.45436015863845,0.28947089524934627,2.258130946213723,60.194535470647565,357.8106942367163,22.933962745641708,201.02647871415004,756,1410,0.06479729991406202,0.09989039995707572,200.2331891335779,0.3961828625937418,3.3396134240819224,True
569,133.0021333584483,0.14125267881059111,2.2821396541092183,108.5527403472195,303.5294426184373,9.393453812202152,332.9241441217643,868,1623,0.04347909986972809,0.13867659983225167,332.02295357117106,0.271424171401471,3.066934497064421,True
570,82.76116885293546,0.0944653530973454,2.77466097637408,102.69443334581896,229.634185575346,3.909031519220786,310.78078380210667,936,1748,0.05375710013322532,0.13649359997361898,310.24830576771177,0.17162963487496824,3.026267088456159,True
571,113.17138966367037,0.14940788767459773,2.0611119712417723,182.93536844756298,233.25890603785837,8.454349137423897,563.080582081609,832,1554,0.0632748999632895,0.13786480017006397,561.1026930447379,0.3525003642628117,3.078030163658657,True
572,78.45202870970786,0.42111845980545654,2.953027929822869,135.84377232698614,231.6710319310329,16.518798749422817,522.0393392396638,707,1310,0.06186309992335737,0.1608055999968201,520.1848364410356,0.35650843098700075,3.842939063728855,True
573,142.37452691941007,0.3891615671815591,2.3157008748558336,175.99407145719647,329.69681654446333,27.703347011345347,649.4879337125633,701,1305,0.05374680017121136,0.1533793001435697,647.1280131400717,0.36467600298130476,3.6903966612905212,True
574,70.95801253863372,0.23358057114872438,2.311995142662223,96.24057573682086,164.05458032228628,8.287206548176206,308.77930712259706,792,1478,0.07051980006508529,0.12836969993077219,307.53552704267423,0.40443460041292695,3.208410847073316,True
575,177.32715767399912,0.4092095736285227,2.991528359809376,162.57709321256587,530.4792211461572,36.2819852922675,615.008370584623,714,1324,0.059580700006335974,0.12101450003683567,612.896311692064,0.34460296990987455,3.7828722265350967,True
576,89.61894090082913,0.27305391034980037,2.257478285785814,70.63532735642883,202.31281307874391,12.235401127189528,232.86565268615732,764,1425,0.049499700078740716,0.1367355000693351,231.9455941812661,0.3966699639796511,3.2967307068757172,True
577,137.7562564967943,0.33759584596377445,2.870004990582676,155.28818850651754,395.3611436297868,23.252969974418985,541.3047252613976,746,1387,0.05439850012771785,0.11107440013438463,539.5645178126481,0.3225207350187108,3.485807455592018,True
578,109.36614431382742,0.20516868221190493,2.3196478795260744,86.55687904721773,253.69094474951243,11.219253853732496,273.124165975878,797,1486,0.04240439995191991,0.0949487998150289,272.1047043594816,0.37465784312554334,3.155429920559933,True
579,74.53556480157225,0.1275061657759604,2.8225037112571707,93.9621131626674,210.37690827308703,4.751872040897055,286.9243816928276,885,1650,0.05467320000752807,0.3817431000061333,286.16783070567686,0.26437317754588174,3.053617804402754,True
580,79.45543705794542,0.1773198598940906,2.1385967264170698,192.1879584019394,169.9231375881596,7.0445134834693075,598.2665974893771,819,1530,0.09599890001118183,0.2845513999927789,596.0697933742767,0.368548136395994,3.112924464487885,True
581,125.90321785650193,0.3740062866156155,2.9527910403925155,56.72028233878819,371.7658936432658,23.54429749173357,205.55055193399699,731,1357,0.07282679993659258,0.204561100108549,204.89092252230253,0.32194174518524715,3.623933863838177,True
582,107.0996903063686,0.11547590076914307,2.541419561702797,166.34348970826872,272.1852479969166,6.183716605112087,506.1598385709177,894,1669,0.12751440005376935,0.38315550005063415,504.94253144846675,0.24107834983894535,3.0428593235516157,True
583,170.6242532696147,0.14353763875185088,2.2045716073541586,182.79653572273338,376.15338428419756,12.245501214059134,561.241073761673,847,1582,0.10707570007070899,0.273974800016731,559.5355835100695,0.30480460972734047,3.0703047601129922,True
584,86.61844689836039,0.29868369277713946,2.980432254400906,83.58962900824892,258.1604129619854,12.935758791111422,281.10335520950883,774,1439,0.08687080000527203,0.2181263999082148,280.1989793278014,0.3227620185758847,3.362897509471762,True
585,66.97615532766434,0.3924188878268903,2.2632721191080014,137.10679100469167,151.58526499814954,13.141354192301547,508.16693505001336,694,1291,0.074637999990955,0.2998340998310596,506.12944272261996,0.40256348582155876,3.7063586079600124,True
586,185.89867565937317,0.09902012077443054,2.5671374521995918,150.07467047028334,477.2274525994815,9.20385465779891,454.5933655187942,909,1696,0.1021117998752743,0.2698165001347661,453.80992071400044,0.17263721418014163,3.029114534079949,True
587,188.08754997597296,0.3334893095720943,2.080943711187018,177.07195547402802,391.3996042750749,31.362593590297,615.7888867490424,716,1335,0.07567179994657636,0.22485750005580485,612.7626300861214,0.49387095660446617,3.477619508411444,True
588,71.44714151153273,0.44755327700696385,2.06757375579682,127.88067117106571,147.72223471594663,15.988201158133378,511.76365815505494,659,1224,0.0897206999361515,0.17008289997465909,508.12555278356274,0.7159855180599156,4.001884361949194,True
589,177.95155423779408,0.39267470262170245,2.2870109080605,140.42748056648762,406.97714564815476,34.93853682069777,520.5493255192366,697,1297,0.073150800075382,0.1759703999850899,518.5491028745857,0.385734472118958,3.706890726938409,True
590,198.34370144857556,0.33752671261447825,2.914522351230427,174.96704977641005,578.0771510976482,33.47314875886262,610.0174414771627,751,1396,0.10338739980943501,0.18877440015785396,607.8988525775464,0.34851010009860367,3.4864704083237528,True
591,151.04687004481542,0.4101416534212853,2.2307366827177435,158.9872137812958,336.94579381866964,30.975306512145302,602.8161166972945,690,1284,0.07438340014778078,0.21142910001799464,600.0835015202033,0.45537248902338756,3.7916012386161677,True
592,151.50867865111013,0.3436153505554289,2.5795377720698562,129.90096524721847,390.8223593769324,26.03035386344552,455.5940481624956,737,1371,0.0770620999392122,0.22700450010597706,454.100335058999,0.3289390005190192,3.5072414380866284,True
593,61.63723271426804,0.4089871161987552,2.4566349527531153,125.12750877830989,151.42018027684864,12.604417029140029,473.27279035139424,686,1274,0.0710022000130266,0.2021714998409152,471.580834261508,0.3587838959858937,3.7823240866234946,True
594,74.5779053977195,0.10507904627367495,2.498866213574406,68.64592109986864,186.3602080775096,3.9182875861403605,208.22313883461118,895,1671,0.0867556999437511,0.2764429999515414,207.85363940226264,0.17776904624384987,3.033292226229733,True
595,93.90132669448028,0.08994310894757648,2.6488493994056626,136.39870741142994,248.730472818069,4.2228886286018055,412.3037676412392,918,1712,0.09394030016846955,0.24113149987533689,411.71449522811173,0.14312646748105334,3.022783540005079,True
596,162.3333849525601,0.46725698689326345,2.4800128136679582,107.14326795162856,402.58887476844234,37.92570416255873,440.2596463746922,669,1242,0.06808449979871511,0.20808409992605448,438.5311189249691,0.3941630080803466,4.109074277755407,True
597,152.2952700657288,0.4414676620253716,2.6614078671750963,114.68658870763576,405.31982988648656,33.616718406719926,453.31909216827296,684,1268,0.07107870001345873,0.19179129996336997,451.7131415401241,0.35552444249758036,3.952677442729546,True
598,149.40971138438252,0.1975950793755002,2.136404810647875,108.05131330577899,319.1996261591054,14.76131189023382,339.6902895286494,792,1478,0.10386000014841557,0.23837479995563626,338.3482807220778,0.39663532609285584,3.143786772561898,True
599,188.9039335608026,0.3140647289252657,2.8978760741072467,97.16671165701499,547.4201893705948,29.664031343344938,331.2279382558257,752,1397,0.07388420007191598,0.21647400013171136,330.14170596666753,0.3290200145957377,3.4088622801707475,True
600,143.63649768608957,0.2566434781232733,2.3182469267263794,133.56611877578075,332.98486932651787,18.431685175801764,435.1115182242064,781,1457,0.12916280003264546,0.20171359996311367,433.3717288786722,0.40145427807112677,3.257648887399611,True
601,141.64719182223206,0.3594887298126142,2.751444122595124,171.75538820613596,389.7343334213845,25.46028453484896,612.3459921620549,733,1363,0.09366230014711618,0.2288647999521345,610.5079189373962,0.30107278999065884,3.565221438218489,True
602,173.7738300468628,0.18053062503384648,2.796318104094933,82.10381143801234,485.9269069779585,15.685749076442777,255.83304949515338,834,1554,0.08720219996757805,0.25401869998313487,255.00936280635034,0.3230025281183615,3.1159704405233986,True
603,142.12163224485937,0.49975815309199073,2.3045128845800837,157.53390694137144,327.5211326858307,35.513222222555015,683.3963098598481,645,1196,0.0756182000041008,0.18433919991366565,679.8708714186653,0.518545298730977,4.338090276109156,True
604,88.52686172076628,0.22931256363772795,2.888932625694867,60.510280710603666,255.74813907549975,10.15016080599578,193.54621711364692,809,1506,0.0995661998167634,0.26260300003923476,192.85255259772308,0.35968645816722894,3.198567496972963,True
605,175.2026618845279,0.3689609086641124,2.7872346787760613,126.18545981873159,488.330935018433,32.32146666464334,454.684387241119,724,1345,0.09370009996928275,0.20920959999784827,453.2293026792483,0.3210482096521622,3.6033025349694325,True
606,143.03396106605385,0.24587343456317484,2.720931379142891,150.69622294080716,389.1855929477285,17.584125633243044,487.0508412297753,801,1493,0.10695890011265874,0.2598341000266373,485.3712159500449,0.3460496264581217,3.2320043045875595,True
607,84.27157200409602,0.47580919275526706,2.401171802147511,131.792247415524,202.35052241887894,20.048594323743146,549.0844548916081,658,1220,0.07026949990540743,0.18144240020774305,546.7156777683531,0.4332740434523698,4.166287969583032,True
608,147.27793531866206,0.4049048915066382,2.90530272633817,85.40645426230537,427.8869870107655,29.816778210762273,321.2581946475533,707,1311,0.07078530010767281,0.18893319997005165,320.20590415444235,0.32862932240106424,3.761521274034935,True
609,91.41774695072596,0.43175104480920456,2.7555628719578005,188.63658187853855,251.90734933545386,19.734853880039704,735.2869293213515,694,1288,0.09679499990306795,0.18456239998340607,732.8833236691745,0.32796566309400904,3.8979021036057384,True
610,105.50032656507258,0.25827782480416955,2.651797594720496,154.61908433620036,279.76551222748634,13.624197430678246,504.0469327120206,784,1461,0.1005571000277996,0.20428549987263978,502.25814160672616,0.3561497479308291,3.259927032138102,True
611,124.47260744438337,0.23424279359697198,2.2569509259522755,110.23935853155044,280.92856662729514,14.578405647035806,353.8898228202684,785,1465,0.09488480002619326,0.2114824999589473,352.41399370970316,0.4187771021887837,3.2101948662825843,True
612,131.45838304331082,0.1811366638919128,2.3563426660382314,69.6919675956496,309.76099677335003,11.90596647254526,217.23460651044485,823,1536,0.09124880004674196,0.23060790007002652,216.51823526486734,0.3308595438629761,3.1170680640103687,True
613,114.37018339153228,0.37634439058007474,2.9613752393653154,144.41937385061942,338.6930292173539,21.5212884845088,524.8143602062298,724,1343,0.08083199989050627,0.22069059987552464,523.0849891149262,0.33060996344585636,3.633960916830127,True
614,162.9551324999557,0.33840446298496096,2.4157268434592747,105.57089003290127,393.6550878596059,27.572372052145337,368.38944442978317,732,1363,0.09513780009001493,0.2040141001343727,367.1127821835741,0.3477575034613418,3.4894983296529394,True
615,192.59778178984374,0.4969944267996704,2.389909591921528,166.91115875743333,460.291286082357,47.86001208176569,720.5956680680657,651,1207,0.065953099867329,0.16739399987272918,716.9529038697709,0.5080897474064042,4.317240821000377,True
616,189.46895668173082,0.3003196925480951,2.616172559147491,103.4609815591115,495.68348528104883,28.450629409032874,348.43343284580567,760,1415,0.07826160010881722,0.2349177000578493,347.29378894349946,0.3281498081993084,3.3677762147146395,True
617,174.57720923463478,0.16009763385055514,2.6645537499788388,194.0203837469277,465.17035752698644,13.974699061349156,599.400775743904,864,1613,0.11762890010140836,0.25495680002495646,597.4735502256315,0.3225624828989844,3.0893701175528956,True
618,145.57873515366458,0.4075161108531368,2.3456317676137517,195.34244303925672,341.4741058654645,29.662839986370113,737.7199730990858,694,1290,0.08085569995455444,0.16407429985702038,734.8188963562944,0.39480159766940787,3.776547285992686,True
619,83.63997896381431,0.09761313866470728,2.460626616456741,122.60837845293857,205.80675843824343,4.082180432254003,371.2639803061366,910,1700,0.08786099986173213,0.22791729983873665,370.6459468020575,0.1667449784387274,3.028047389507242,True
620,126.00927852471978,0.22674432192653338,2.5518942498625385,199.04925417130954,321.5623532965595,14.285944207769635,635.7024445898296,800,1491,0.07665250007994473,0.2074787998571992,633.4071887466667,0.36236656039608955,3.1936941800481167,True
621,90.12579771102284,0.3130774957429653,2.4862274941939777,81.82959425358098,224.07323620530966,14.108179524602052,278.72656353244145,737,1371,0.11373209999874234,0.2335293001960963,277.78269457082166,0.3397868118019649,3.4061828862147143,True
622,80.42448509224218,0.15862610311131795,2.995040903936629,89.08967928876447,240.87462252930698,6.37871133245833,275.0301659290627,863,1608,0.10051820008084178,0.2479434998240322,274.1903351274287,0.30629482298992383,3.087115905284756,True
623,142.31286782753958,0.34478451378938396,2.0381163337184276,131.37167878291865,290.05018041762014,24.53363646994555,462.49115921967893,719,1341,0.0771393000613898,0.21456509991548955,459.79046106339626,0.5873758559576326,3.5204784128846307,True
624,154.28268456315183,0.11335471650375074,2.435180549244455,96.72520999424117,375.7061925334051,8.744334985046839,294.0966975679419,890,1662,0.0875448000151664,0.25862569990567863,293.455327184419,0.21855809866413511,3.0405382173422195,True
625,95.83525710868004,0.279192643269598,2.283049503730197,172.27562742644812,218.7966361818278,13.378249375296955,570.6043369615512,763,1423,0.0524528999812901,0.10150670004077256,568.3799138481949,0.39136202021918376,3.312159389494412,True
626,157.68119226037052,0.29252600371178,2.850059648587462,183.35944059126803,449.4008034024436,23.06292451621752,613.4089018584407,773,1439,0.061412200098857284,0.1697603000793606,611.4676083454955,0.3174810057719894,3.3453903430356156,True
627,111.8654618552402,0.1698609571647478,2.4235373999392893,188.2370351949352,271.1101305676566,9.500787212203843,583.8096974762273,846,1581,0.07343890005722642,0.14602129999548197,581.949065745773,0.31972415456493347,3.101460330968576,True
628,64.46327721896998,0.4257064611957375,2.800767267853324,124.27450388803902,180.54663681344596,13.721216810983757,480.4546474209488,693,1285,0.034103200072422624,0.08724949997849762,478.83719698489267,0.33778713229480956,3.8660757628435065,True
629,67.11958347789701,0.2064979856066384,2.3464513859406777,168.46773031728827,157.49283967547245,6.93002939147117,532.0803766765712,806,1504,0.046528799924999475,0.10544029995799065,529.9781099118329,0.3966704898600422,3.158351903207001,True
630,120.45715106413951,0.3566465076912359,2.4636319067290033,148.1560761071239,296.7620807552896,21.4803111267305,526.7402091825282,727,1353,0.03780180006287992,0.079292600043118,525.0154741518941,0.32851127548579445,3.5553061543130364,True
631,134.35229125234278,0.12193205309085423,2.0730865663401867,174.66462650488657,278.523930152256,8.190925354929284,532.4853370685055,855,1597,0.05106059997342527,0.11495519988238811,531.1132003644841,0.25835108279736557,3.0486157828506175,True
632,140.66392773833297,0.2499659213372123,2.0343798533425343,178.45411810100953,286.16386068289466,17.580594148011727,579.1292696578106,768,1434,0.0390198000241071,0.12420059996657073,576.3563030097554,0.48112020872760053,3.245255844026019,True
633,197.3833306228295,0.19264258300973175,2.7300419074208393,125.51215943578016,538.8647644266276,19.01221732712288,393.38706872963434,812,1512,0.03824619995430112,0.10624330001883209,392.0584386375778,0.3388857275138835,3.1342546451120192,True
634,87.19059478248366,0.2847302231724224,2.157987602786084,121.62353980101852,188.15622262014475,12.41289875547641,404.7552484804081,742,1383,0.036012700060382485,0.08349519991315901,403.02532197575897,0.4292351895331266,3.327935111431599,True
635,63.84899338329577,0.24825335482025984,2.873660282945838,100.36252608682855,183.48031639164867,7.9253634046498735,324.9147686970389,788,1466,0.05350530007854104,0.10435719997622073,323.76796762229714,0.3542046123845044,3.2374112267355564,True
636,65.66614371757039,0.24108112483713795,2.2800300681169503,93.02406090383496,149.72078213334947,7.915433895574515,299.8224796089618,774,1444,0.03906320012174547,0.12197780003771186,298.67688798860047,0.3835554964015434,3.2230637610941093,True
637,71.7152468205322,0.32886771778808394,2.215456690823764,152.82510796145388,158.88202340262575,11.792414776238784,528.6256283580054,730,1361,0.039593399967998266,0.08078660001046956,526.486437539231,0.40631451567354154,3.459023424942303,True
638,103.0298763348406,0.4437724992032416,2.052714778914506,172.59608426461176,211.49094982226123,22.86091285685656,686.7595479553485,655,1216,0.032271600095555186,0.08277019998058677,682.0522091554714,0.6901727956729022,3.9789984279275923,True
639,192.29649437157926,0.16733192518726986,2.7145362802720037,142.09535078172783,521.995810540773,16.08867130497968,440.313083955923,850,1585,0.059109900146722794,0.10331119992770255,438.83881724670863,0.33594719775793014,3.098715626750423,True
640,160.99352627552247,0.24454476022621924,2.666253268285162,158.37251382427354,429.2495156048649,19.685061640510586,511.4513135396751,782,1456,0.03792149992659688,0.09035050007514656,509.64706626034604,0.35401896700164126,3.2294196839431972,True
641,152.035447746903,0.33062177063692466,2.7549587469674934,50.13500722163382,418.8513866194497,25.133114466829355,173.58873472202814,741,1377,0.037906400160863996,0.08773480006493628,173.00931620147725,0.3349059653389583,3.462425645111359,True
642,186.8883005706118,0.24035200011518643,2.0709841967608367,161.066362475476,387.0427170412263,22.45948842013734,519.2501965107093,761,1420,0.06680149980820715,0.11458519985899329,516.8998540566649,0.45469977126105454,3.2238276728312556,True
643,158.03485877459644,0.39162795132739375,2.2344547950987774,97.7570126029724,353.1217479816551,30.9454339901046,362.0256309794688,702,1307,0.03422720008529723,0.07386260014027357,360.5233978182476,0.41668118361032286,3.703321340738895,True
644,92.66245850766157,0.22736346518763795,2.3578777104627973,197.16107267055875,218.48674551189902,10.534028829553828,630.0582526157062,796,1485,0.041863299906253815,0.08832480013370514,627.6321321111687,0.3865513539558184,3.1956523875708767,True
645,67.69635756350279,0.366423710112069,2.7779232595734404,194.87080576825926,188.05528626405479,12.402775249745957,700.2975277280458,726,1349,0.03362919995561242,0.08070309995673597,697.9548851869662,0.33564383469456943,3.5936502903407757,True
646,95.13945481950664,0.4732496344825088,2.5256656407732825,90.17510106327694,240.29045211953,22.512356109098338,374.1390607802154,668,1239,0.03622140013612807,0.06979830004274845,372.5593326427307,0.42402055164716995,4.1490284609459716,True
647,190.41684737748747,0.3540189331025725,2.026232338967301,145.56603045408949,385.82877404046604,33.705584576666745,517.6369509901774,718,1339,0.03656179993413389,0.08061810000799596,514.3953625699471,0.6301745031360992,3.556028486697221,True
648,144.8886405847526,0.2965440153250731,2.72770460920529,64.26300225547516,395.21341274451834,21.482929626996942,215.7387594315066,760,1414,0.06127659999765456,0.15218219999223948,215.0248426307092,0.3320159624641589,3.3571223232591163,True
649,144.5475771709789,0.05881691487227413,2.6280574953807667,164.1574002737796,379.87934362332095,4.250921270729471,493.5192846318176,991,1852,0.08183519984595478,0.1603665000293404,493.2926536202314,0.04594250693233301,3.00637853553195,True
650,99.28243155521315,0.15769967140035554,2.595543254401646,182.03698091908456,257.69184550372665,7.828403416042702,561.7594600642396,850,1586,0.04974789987318218,0.12613280001096427,560.0548912034917,0.304357463441668,3.0859633972612506,True
651,186.41557861370296,0.48913512928298536,2.1213858011964564,148.81511716063352,395.45936159293126,45.59120407278806,635.4199896670057,643,1193,0.0312390998005867,0.0731876001227647,630.8464972686431,0.7249770614823484,4.269861837901338,True
652,122.62675267810232,0.18709194968264242,2.8131133544418723,76.127111092166,344.9629555706103,11.471239120898678,238.01306252410598,847,1579,0.040155700175091624,0.12856450001709163,237.1627633396113,0.358529801441496,3.1265216702620826,True
653,104.31100270799037,0.3430521972108073,2.487728862113765,67.62586103347823,259.49749207269474,17.892059336119285,237.08617447759596,726,1350,0.04349870001897216,0.09848519996739924,236.2670728798372,0.3466846174436442,3.5058507330535322,True
654,153.21235251273913,0.07391260122416556,2.7701769323834315,78.81467754973865,424.42532468698863,5.662161756945183,237.49170746718042,950,1773,0.046123200096189976,0.11561169987544417,237.27537320306448,0.09117434363101831,3.0132928897324143,True
655,64.6371532226286,0.2538681816820732,2.154771663768368,63.8102263563807,139.27830619077434,8.20465827886714,207.5508011826769,775,1447,0.038315300131216645,0.08819929999299347,206.64044182680502,0.440552366140847,3.2526259979631442,True
656,65.24003015321072,0.3945098772122368,2.630439626104032,132.29860964650243,171.60996052322741,12.868918142532895,491.2681314399181,713,1325,0.035384099930524826,0.0822553001344204,489.62781081448566,0.3350137776495547,3.7133279990815513,True
657,110.35960257902546,0.3797414085479101,2.171917572010543,130.17551526542792,239.69196008148543,20.954055465073353,475.526842690789,700,1303,0.035142599837854505,0.07625239994376898,473.3499097107412,0.4598993124088918,3.6529668557192925,True
658,110.13571336540005,0.26481643161382656,2.001479024367244,140.53571106226235,220.43432013457132,14.582873303334233,461.0487697458258,743,1386,0.036056699929758906,0.08291870006360114,458.65873424262656,0.5210923339649969,3.280652058191563,True
659,156.11498377231558,0.3001058251935926,2.747177064122807,139.37024255550776,428.87550278520956,23.42550801503754,469.33123147477943,760,1414,0.03762959991581738,0.08416660013608634,467.7469683444324,0.33870088692492484,3.3675139173834494,True
660,178.89967281405816,0.4641080067448267,2.482425130957972,182.6205610437568,444.1050437137767,41.514385278517096,746.7116295661792,665,1234,0.03158599999733269,0.10465069999918342,743.8320839815023,0.3871230680537013,4.088869431231587,True
661,118.89925295065692,0.07705327225044072,2.1332705895404005,112.73018752583573,253.64427943796107,4.580788253990492,339.90948459015056,929,1738,0.05235600005835295,0.15421060007065535,339.53574525556303,0.11007363431093792,3.0152481074534663,True
662,104.70695884066618,0.13691914564235452,2.4490069011372824,126.7369755718213,256.42806479788885,7.168193673636596,388.10325932183656,867,1620,0.05013500014320016,0.11758259986527264,387.09590042823737,0.26023496825586784,3.062273322925401,True
663,69.68605180428067,0.47851493910821685,2.434547129834288,180.51095765004013,169.653977409595,16.672908417908705,755.4086814768452,665,1234,0.03408500016666949,0.07302039978094399,752.0624860108742,0.4449358302286955,4.184835598409321,True
664,79.68478036985984,0.051545540337675694,2.8068940576430093,163.06613372089004,223.6667365047479,2.053697530426719,489.75246380442775,1002,1871,0.049971100175753236,0.11567680002190173,489.68219892463856,0.014349077818939905,3.0033977787362396,True
665,68.56230253612527,0.35042155127472707,2.4596059159105845,163.96310284727141,168.63624492630498,12.012854206838087,579.281430044571,726,1350,0.034253899939358234,0.10867489990778267,577.2154990325944,0.3579132950239784,3.5329987051059955,True
666,90.73117455319836,0.06808738236739223,2.547104835882226,127.23948283519337,231.10181346972593,3.088824087223112,383.08642342950816,968,1810,0.04563879990018904,0.13788589998148382,382.7606356343334,0.08511528220105982,3.0107511826788853,True
667,149.23952509762637,0.45028972698444847,2.8653857181495286,86.98290864696376,427.62880379815675,33.600512505749464,348.31689302284474,700,1298,0.04559360002167523,0.10858349991030991,347.00849892035296,0.37704958425012053,4.004429127985974,True
668,174.1841897250805,0.4826876536794067,2.5174180008712437,165.42485251834523,438.49441468108955,42.038278923223864,696.9478482044519,668,1239,0.03628139989450574,0.0819002001080662,693.8715988184051,0.44334562637890934,4.213078250301973,True
669,102.4938997768571,0.28858197411051884,2.6362543520087622,190.94879322587283,270.19998934108946,14.788945965945544,636.9449393251177,772,1438,0.05602080002427101,0.1343468998093158,634.7185179581419,0.3507730283556449,3.3356845495832865,True
670,130.16791920354785,0.05996585719894798,2.323846507794626,96.56259763074038,302.4902644680577,3.9028154274220745,290.3338528802407,958,1790,0.06104860012419522,0.12318849982693791,290.20505492325975,0.04438170693306276,3.0066905821080967,True
671,196.1800563208961,0.274217372455133,2.620761214670641,195.54928947137407,514.1410826977065,26.89798978620807,644.9260663483833,770,1434,0.048728799913078547,0.11984079983085394,642.6945651730663,0.3472102140331803,3.2980230615606114,True
672,162.16428254815193,0.12041998530645653,2.615051353532084,124.79280386923153,424.067926572104,9.76391026084026,380.1745179331252,883,1648,0.04762520012445748,0.10072389990091324,379.308274353792,0.22837455386623112,3.046445837786482,True
673,97.39739661196515,0.3870558749384582,2.9831251491511948,105.4751200955415,290.5486232950066,18.8491172811861,388.13045807623433,724,1342,0.03890999988652766,0.0759676001034677,386.8536174513553,0.33005782220443364,3.679829496516884,True
674,117.28524784926509,0.3712855327722047,2.494606698116301,193.7193899940023,292.58056487500716,21.773157867017233,699.946884154658,713,1326,0.03776389989070594,0.1113654999062419,697.616670907082,0.33402487995966784,3.613199918584964,True
675,90.00357469021361,0.08846026680769795,2.1376121359749174,166.42815545802944,192.39273353892554,3.980870115371433,502.9776602598304,911,1704,0.04272879986092448,0.1286975999828428,502.22058899339896,0.15074476893685473,3.0221909200133714,True
676,61.86066182344725,0.2815392176061729,2.1521075156627902,79.36550779732721,133.13079523411508,8.708101165186694,263.45734743627577,740,1379,0.052492700051516294,0.08832340012304485,262.3287758304508,0.43021266052580565,3.3195446579773313,True
677,160.3561451887178,0.3678607383060499,2.677028005657298,141.76291151400397,429.2778915494453,29.494364980516927,510.2192900040824,726,1350,0.03361660009250045,0.09710270003415644,508.55436580268133,0.32738372008137256,3.5991027875699397,True
678,184.98504614694926,0.445037225518417,2.2421394364447265,53.2660403689383,414.7622671186225,41.16261584981732,212.0503642590618,666,1236,0.034617500146850944,0.07213179999962449,210.87732291522093,0.5562671830353598,3.9809672877940714,True
679,133.9895550062585,0.324504107384899,2.224987859099078,128.81652708642338,298.1251331350133,21.74008047310287,443.6355846170138,734,1369,0.04316700017079711,0.086257099872455,441.93182760316057,0.38552484963431133,3.4439337455463104,True
680,196.56827953402131,0.4222366486806154,2.313644718460447,164.68844879616515,454.78916176074523,41.49916579367978,634.2674572321054,685,1273,0.03261839994229376,0.076458599884063,631.5859697694582,0.4245641276081492,3.851317210578248,True
681,166.23648868271619,0.22606663314576392,2.543215291090812,127.37950050188319,422.7751799551285,18.790261651237767,406.6430802273545,801,1493,0.03757810010574758,0.08637419994920492,405.1779170141142,0.36160983896594695,3.1923745863750086,True
682,178.52491600964163,0.47484819275208684,2.2599972927263243,192.0051861394066,403.4658268659845,42.38611686419821,799.4558714381114,656,1218,0.031354600097984076,0.06915019988082349,795.2819407255204,0.5248366018198874,4.163720196899585,True
683,145.32229408009266,0.372049657763153,2.8627279548108224,158.08099437726452,416.01819372032054,27.033554888927377,571.6216795787783,731,1358,0.03394889994524419,0.11010319995693862,569.768719587426,0.32521265693457035,3.6160050854347987,True
684,157.83458676486464,0.2851116686415682,2.200293304078687,97.01370575710573,347.2823844107582,22.500241200941467,322.8949044023294,744,1387,0.038304700050503016,0.10649290005676448,321.57361353952126,0.4108828607748219,3.328343164323244,True
685,174.5069646936798,0.14772001612362548,2.3718250221625126,92.18527819990832,413.8999854020999,12.889085819117662,283.4712287391233,855,1597,0.04359400016255677,0.10769860004074872,282.58378318852925,0.31404687862147973,3.075016252859833,True
686,73.38952088449138,0.27239775739337474,2.5777937270965947,72.47200068444569,189.1830465706664,9.995570452554846,238.71080872131478,782,1458,0.030020100064575672,0.07076029991731048,237.858482557774,0.3583333057435708,3.2938349495924446,True
687,198.53041638152956,0.3244851787933857,2.444774702661218,188.79139816217233,485.3621396783617,32.210088827742965,649.8223046590144,737,1373,0.029948399867862463,0.06277870014309883,647.67646891908,0.33131290743288583,3.442012247299611,True
688,64.92276631303724,0.18406364658622798,2.123117922290562,184.43037241939203,137.83868872389132,5.974960557021578,575.9540501926284,820,1533,0.030354700051248074,0.07065019989386201,573.7539499641149,0.38345709491867097,3.122880698212316,True
689,107.89824419860102,0.16038570715043954,2.885325846932706,174.42123601499827,311.32159282488044,8.652668098041717,538.7756024799488,862,1607,0.035104200011119246,0.08049530000425875,537.1793257177131,0.29715900925690425,3.08893351973277,True
690,157.9086097885712,0.255686400650945,2.409899477998583,64.20263532832308,380.5438763009597,20.187542034317175,208.95171746359307,777,1449,0.0283183001447469,0.07812290010042489,208.17396202126926,0.37360841614012463,3.2545660531696856,True
691,136.84985630369658,0.4136248376726252,2.6135547345340004,51.24869832939857,357.66458986282385,28.302249799569292,195.0320949463116,692,1284,0.027273100102320313,0.06565170013345778,194.31075111398366,0.37123207449534695,3.8056009480036366,True
692,136.8822431909694,0.4280040498883656,2.5378382175422076,84.08007310914226,347.3849880729488,29.29307722176953,326.0909228161578,691,1284,0.0292452999856323,0.06876490009017289,324.98263693874026,0.3410292586266518,3.8783377649168695,True
693,170.05576079426086,0.21197800608041711,2.4552459094398147,58.19679120182052,417.5287110667846,18.024040547827894,184.29848879472812,808,1507,0.03421439998783171,0.11384649993851781,183.62467630674215,0.3669509466474846,3.1668153001013373,True
694,152.16919644919415,0.05426867831178252,2.5587402577479135,63.1797167956994,389.3614489437039,4.129010585531878,189.82461544318784,978,1826,0.0419581001624465,0.09564589988440275,189.77160324276883,0.027934738134233892,3.004518302242676,True
695,73.9836273873675,0.10350350471403118,2.5903622099598653,98.39728837229008,191.6443925399885,3.8287823630247595,298.4415932424619,910,1699,0.03233460010960698,0.08268160000443459,297.8323608003422,0.2045554890283162,3.0330266024536794,True
696,108.12967131865119,0.15093865170828236,2.5363131504342338,168.71912475614647,274.2507073176264,8.16047339924847,519.2426683446586,845,1576,0.030789100099354982,0.07745129987597466,517.782164791951,0.28206911168800225,3.077556673525492,True
697,121.74910590563877,0.13892656359585137,2.810164137028731,115.08872908881017,342.13497113133894,8.457092452168885,352.6830995133654,882,1646,0.03179619996808469,0.08288419991731644,351.74552018790985,0.26655046664266546,3.0644451659659175,True
698,187.15642364683458,0.10670519866377563,2.6761534017837123,136.01305029210351,500.85929980814996,9.98528168321862,412.7497443097535,906,1691,0.032096399925649166,0.08539839996956289,411.98911216987665,0.18462433045153576,3.0346333930701976,True
699,110.4522527509942,0.2941910197027534,2.872320514781742,128.4844406925228,317.25427148053876,16.247030432640617,430.43289456002594,769,1431,0.028700500028207898,0.07277050008997321,429.06350919201236,0.31915680049145384,3.3500779723989966,True
700,77.0802480126435,0.16317839168734982,2.3359386959342263,100.01062130739035,180.05473402494118,6.2889154507826035,309.3372141504913,833,1554,0.031065199989825487,0.07710870006121695,308.3492740648936,0.32039643634438486,3.093043619834333,True
701,76.2233366190025,0.07148985573039976,2.9936712200886944,110.34034551902774,228.18760913544045,2.7245976690910925,332.3863661113008,972,1813,0.034570799907669425,0.08936830004677176,332.0730704338623,0.09434540326595771,3.012373801693254,True
702,72.57426686265701,0.40182541117392095,2.3879550357575012,78.06901400954692,173.30408602109057,14.58109231136651,292.6163770469185,698,1298,0.025189099833369255,0.06387299997732043,291.56096852222515,0.36198553257751864,3.748175646372772,True
703,101.06290924059016,0.20298202409047206,2.5169717076943616,174.56619885552874,254.3724832558485,10.256976939063332,550.0973366060739,825,1540,0.029405000153928995,0.07820290001109242,548.1449490630291,0.3561808872602201,3.1512248087691668,True
704,78.30044518381986,0.4178314731423056,2.933565395824319,53.311503115653466,229.6994764688929,16.3581951794269,204.00990671729568,700,1296,0.02475490001961589,0.0593189001083374,203.25343772147983,0.3721801728403964,3.8267521040387575,True
705,132.1997067379054,0.1333943845842025,2.4319459456883816,65.75662091987166,321.50254082244203,8.817349261257469,201.15861744455987,865,1614,0.030651999870315194,0.07630509999580681,200.62014662291287,0.26840316424407257,3.059138602783187,True
706,63.08269395449283,0.23371741641694266,2.7125347875284365,116.86700098410091,171.1140018425716,7.371762125832376,374.9573963660147,806,1502,0.027627599891275167,0.07276279991492629,373.47883684133245,0.39588843565729853,3.208411212819823,True
707,196.94624771236528,0.07846864065628384,2.569778045960439,178.7823177058764,506.1081436055226,7.727052170172527,539.1973784502733,938,1752,0.03356640017591417,0.08726359996944666,538.5965780274885,0.11154924618814369,3.0159435528592566,True
708,167.45520814870565,0.2575281152525123,2.611316155315666,52.00352486846899,437.27849033046266,21.56221207187665,169.45521558116943,785,1463,0.02755020000040531,0.07025699992664158,168.8367512362687,0.36630907688768305,3.2585332630772164,True
709,74.74902416084115,0.4778282884642779,2.7256282887401704,159.34315065718448,203.7380548085111,17.85859913957484,665.8772341766808,672,1245,0.024777499958872795,0.055869500152766705,663.1404374062408,0.41270244069935336,4.17888833897397,True
710,106.78982824098631,0.14880515080317358,2.786561761642912,184.81319656025994,297.57645190874683,7.945438247822486,568.4021465713963,859,1600,0.03196910000406206,0.07666330016218126,566.7411359599313,0.2930810040198784,3.0755495665379278,True
711,108.27068018059568,0.430885480131694,2.2467674469847965,151.99036867226516,243.25903969266435,23.326132006900526,592.4535626981801,688,1280,0.02472490002401173,0.05844719987362623,589.7999081322943,0.44992454717212915,3.897967798049625,True
712,113.65254896176268,0.45168058875451716,2.429619764416101,77.38530225777264,276.1324792337672,25.66732511425028,310.68722158236835,673,1249,0.025590799981728196,0.05916410009376705,309.35338414284706,0.4311694999610467,4.0148091758750315,True
713,159.42589372472287,0.1565056233968271,2.8682419637887424,102.35906827388307,457.27203849577444,12.47552444149203,315.69760268771677,852,1586,0.029528100043535233,0.07769619999453425,314.77538219029884,0.29297732592709314,3.0842172365520355,True
714,125.14747845257052,0.3427557435134704,2.2312522102768533,102.8813153945373,279.23558790787285,21.447508512923413,360.85891529589856,720,1341,0.025807499885559082,0.06136679998598993,359.3320965354013,0.42490464259064975,3.5075262588940337,True
715,173.34198018204486,0.08666362257639229,2.9866822776651905,85.234362467558,517.7174201851041,7.5112219735706045,257.4957045174911,947,1766,0.038137400057166815,0.12023669993504882,257.1240635646164,0.1445376009240452,3.0210316246044475,True
716,163.26192071922634,0.24749426440349181,2.9115895585264444,143.81645994181798,475.35170367107156,20.203194486753063,465.32949590221966,804,1497,0.053722300101071596,0.11100480007007718,463.71345016716054,0.34850094050033725,3.2355788488360244,True
717,177.04970043463123,0.3546336999510296,2.823378541593498,79.03133972200249,499.87832500269485,31.393895170177345,280.313120862241,737,1370,0.03521790006197989,0.0936837000772357,279.46003362863615,0.3052626962531976,3.5468602942612306,True
718,111.37716344205143,0.3459877033208276,2.8528815147476454,74.41748087814028,317.74585074885573,19.267564490851907,261.6481210374812,737,1369,0.043493299977853894,0.12076449999585748,260.77709497424786,0.3340117211288612,3.515949719743051,True
719,94.40156016591547,0.45481941214907806,2.522470960606511,157.24985150091103,238.12519415447014,21.46783105030875,634.2645241850963,684,1270,0.050046500051394105,0.13247249997220933,631.5532561093686,0.4293015750453528,4.033482500181704,True
720,125.63733828951199,0.47475789512647604,2.483450326600737,156.0006387694398,312.0140888083358,29.82365913781086,648.838970224076,660,1224,0.05986679997295141,0.09933899994939566,646.0591691580602,0.43027035273540415,4.159207137497838,True
721,100.80322431695515,0.07465017951402139,2.2709757706459124,120.80879496480947,228.92168002679,3.7624893954264342,364.0883742150823,940,1758,0.07086149998940527,0.2694699999410659,363.7390988838959,0.09602358730697744,3.013757188134672,True
722,151.40483686303355,0.4382929135634172,2.15585345317349,92.00280852140102,326.4066403783398,33.179833538146426,362.7381644138307,680,1266,0.04379469994455576,0.09111279994249344,360.73608982705,0.5549970305828138,3.942685774961459,True
723,96.7335275663762,0.2504253695217333,2.0750133017984815,169.08673418460882,200.7233564301207,12.112264692975266,548.745872828363,763,1424,0.044948300113901496,0.0936540998518467,546.2726712150262,0.4527412304620384,3.245351419640304,True
724,159.54356987504408,0.1943581940840507,2.197376928496438,84.73698746520458,350.57735953338124,15.50430005931806,265.9286822911627,804,1501,0.048252400010824203,0.16080899978987873,264.91373393641163,0.3831240984262093,3.138283413726038,True
725,164.6662467461132,0.057680940502184246,2.4778507722715597,129.50043964833856,408.0183866669158,4.749051990640273,389.21802822668036,977,1826,0.04870390007272363,0.15308300009928644,389.103939179182,0.02932096954325653,3.0055344158182855,True
726,98.1669224914472,0.4443580512932501,2.2280320932685167,167.14135984244314,218.71905380834733,21.8106311898775,664.2832793211153,667,1238,0.03955439990386367,0.102609199937433,661.0544992945286,0.48842871957341555,3.974380009515934,True
727,153.25079898919046,0.23604448487659052,2.2912956031210223,131.27762237241706,351.1428818987157,18.087002952164692,421.7794280592001,780,1455,0.03312280005775392,0.08740550000220537,420.1442812340416,0.38918697652048073,3.212881376406013,True
728,129.78532575968364,0.15364691882837367,2.0835437526926124,126.02675222328409,270.41340467776445,9.970557706056073,388.39290242747353,830,1550,0.032136499881744385,0.0788330000359565,387.1455249834363,0.3221985954998691,3.0818290210268224,True
729,166.08582332948802,0.16886552324405296,2.635965529007167,183.09367068823389,437.7965051533048,14.023084729976667,567.7636946393709,858,1601,0.032985399942845106,0.07632689992897213,565.8134020825097,0.34468829293951553,3.1009465947413384,True
730,127.48008539488796,0.458146632651752,2.14983895431718,116.34887835486603,274.06165348161073,29.202285926912854,472.5122382622101,666,1237,0.024519599974155426,0.0547021001111716,469.6221890480619,0.615398778325699,4.061167111736478,True
731,104.51160128315806,0.16853459450726488,2.748315999896439,74.96177804778289,287.23090598130045,8.806910171780993,232.37257793225564,849,1583,0.030604799976572394,0.09087379998527467,231.62222507976543,0.3239554633549544,3.0998808190506684,True
732,82.06887414157706,0.19683622296680603,2.316405705571986,121.8188544241859,190.10480831141834,8.0770636045831,382.67097262649867,801,1494,0.04136070003733039,0.13166249985806644,381.3137321232017,0.35593800824840016,3.1413115353555914,True
733,84.4211610238981,0.08380314175228748,2.6423331667143097,159.72923127389092,223.0688337459753,3.5373792620892095,482.2279187968743,939,1754,0.04488339996896684,0.1659240999724716,481.61261097944134,0.12775990565978246,3.019033616771049,True
734,140.1749782255983,0.08281135120575309,2.929755372867241,87.19832198703696,410.6783955979951,5.804039676049406,263.17860083144217,939,1751,0.058012100169435143,0.11814190004952252,262.8750912603301,0.11545771402566003,3.0181612998305942,True
735,183.7618723715465,0.10614988298654207,2.6981851240573147,185.87470326772925,495.8235504018256,9.75315062481377,564.0038751840843,900,1679,0.0445552000310272,0.13403240009211004,562.9498054678127,0.18724044418058466,3.034322935121017,True
736,130.80029583905522,0.4174617752063472,2.9546755943358582,134.93024737808602,386.4724418475666,27.302061849243692,515.9688124481107,712,1320,0.04840580001473427,0.09740900015458465,514.1783223061024,0.3482235762056195,3.8239669938670033,True
737,121.46592292287784,0.22690611748235712,2.0068464221330524,147.5334966985476,243.7634528288665,13.780680488420726,471.8076259645601,785,1467,0.04730279999785125,0.10807679989375174,469.5212318187915,0.48696288704810464,3.197969522328856,True
738,192.97928743213734,0.21473897850204704,2.1394821214243316,160.9495428367915,412.87573526626505,20.72008752761505,510.60598440338464,788,1472,0.03675259998999536,0.09593560011126101,508.6138213507138,0.3916848046677717,3.1724599859296094,True
739,65.85801643037321,0.06214468591031945,2.261752053008339,73.4128969905078,148.95450386845354,2.0463628728711005,220.81049087273362,963,1800,0.04668749985285103,0.11029179999604821,220.68399330999088,0.05732067869782152,3.007788820829181,True
740,137.30838329308187,0.3258635928315122,2.9328992384788783,69.11117318847415,402.71165279704576,22.371901552885024,238.15560711388542,753,1399,0.036350800190120935,0.08264839998446405,237.4062379573867,0.315648469453117,3.4459783581506795,True
741,128.9839989336357,0.2720556762324024,2.4426795451144367,82.0574801674635,315.0665758422542,17.545414526524862,270.22093021141546,764,1423,0.06289820000529289,0.12621139991097152,269.24914919234027,0.3609225960379898,3.2930688300438504,True
742,81.61966165771655,0.3901175068271587,2.089530866563028,68.5023781602434,170.5468023522296,15.920629456992309,253.48069955807279,685,1275,0.03340010019019246,0.07460659998469055,252.17254359236145,0.5187543207820351,3.7003197022608614,True
743,181.64205450975442,0.23093123257810538,2.626494275300546,62.02707080421735,477.0818163236997,20.973411767978497,198.58982411140784,792,1475,0.04008849989622831,0.10443560010753572,197.88235167697863,0.35752174382083257,3.2016637499816496,True
744,123.32845323971304,0.20853049957644987,2.807283869059007,97.41873501544077,346.21797737584444,12.8588719830341,307.9032855111599,821,1529,0.044468400068581104,0.14758410002104938,306.80152060987325,0.359113246602068,3.1606167485377172,True
745,165.47409523909343,0.2708248022817254,2.2999004903571345,117.55906240708248,380.57395278179416,22.40724456293744,386.8942542169253,772,1441,0.042391200084239244,0.09586750017479062,385.38067431001156,0.39274930161551147,3.291062775553545,True
746,167.23071060747213,0.2519414179467397,2.1269392928153983,62.36766686164901,355.6895693564733,21.066171177343705,202.60963529777322,775,1447,0.04741419991478324,0.12020140001550317,201.70128386324146,0.450344894754191,3.2486325927058446,True
747,102.11755266250799,0.2688753167062549,2.1012091348691366,173.9267178918842,214.57033448494192,13.72844465669975,571.8746463313928,763,1425,0.048629699973389506,0.10846989997662604,569.3346448387096,0.4461350658544271,3.2880206863150248,True
748,183.71666390886074,0.09385297046028748,2.6594369892399135,185.07906692267687,488.5828915389817,8.621177315450435,559.8411752437878,921,1720,0.05548160010948777,0.14074929989874363,559.0715444866598,0.13766230184987258,3.0248757169155205,True
749,130.60828405520053,0.3185554607942794,2.9300207567604133,160.68528802593636,382.6849832865977,20.80299105537727,550.0680707056064,764,1420,0.04503470007330179,0.09434329997748137,548.2066672201531,0.33954411661792777,3.423263432908801,True
750,103.70390904023157,0.25898265680587196,2.0027551452528063,117.83814874990095,207.69353741315277,13.428756942196827,384.9993591324074,758,1415,0.050209700129926205,0.08386390004307032,382.97154261869,0.5294953509734762,3.2671877759173555,True
751,83.5081726746052,0.18285151197449806,2.254410014777757,144.33338745224052,188.2616607934202,7.634797817889512,450.359250837702,836,1563,0.04048609989695251,0.1276364999357611,448.7638096130982,0.35551913733402724,3.1202707757879273,True
752,190.32886922116705,0.30751212364995356,2.427707064093496,179.76660472238493,462.06274030915444,29.264217383047683,609.4501252936504,740,1377,0.05249419994652271,0.11829809984192252,607.2190264874797,0.36742900153783936,3.390229938618629,True
753,161.53330977705576,0.25128581438987707,2.3997213939473667,154.14365832214673,387.63493930712804,20.295514649209874,500.08105128180443,780,1455,0.04337530001066625,0.12789749982766807,498.2876716872524,0.3599084818774435,3.244253164386944,True
754,182.36725932416792,0.4860087980745333,2.5576738373579966,52.51479916018076,466.43596796410543,44.31604625614278,222.48613799516994,657,1217,0.03127250005491078,0.08883839985355735,221.47126178631203,0.4582428440928481,4.2366369395518815,True
755,188.6049449811839,0.2161659503053157,2.6965257574185744,71.66439040908196,508.5780921182755,20.3849835820697,227.4219176062065,814,1518,0.056061499984934926,0.11918230005539954,226.64726555598006,0.3417875121176423,3.1734298765120807,True
756,69.47601831566902,0.35503641982981077,2.6537330663510623,70.8710479548137,184.37080712270293,12.333258403412746,251.4908186829574,734,1365,0.03396839997731149,0.10475960001349449,250.71203932553783,0.3106270283288517,3.5485692104243203,True
757,138.17566162529852,0.3832799050970612,2.5242100940182643,83.44033138513177,348.7843998222306,26.47997723723403,305.6962054122056,712,1324,0.042031000135466456,0.1374341999180615,304.6688866742586,0.33719187710997156,3.663650423453107,True
758,98.32445524769086,0.0539464535806742,2.4780146354378316,164.3440852126411,243.64943912523006,2.6521278304323164,493.7091621407475,980,1830,0.04960420005954802,0.1151868999004364,493.6225687208212,0.01754243533691314,3.0041188370238476,True
759,140.83350996890562,0.05089775676561749,2.62381568999791,64.00466880605404,369.52117313389164,3.584054867422762,192.23221575702507,998,1864,0.060039900010451674,0.11773460009135306,192.19359689022363,0.020093732271164493,3.0034092722130032,True
760,109.64683929429256,0.17108407382734442,2.738235275780858,52.182892389079385,300.2388432335066,9.379413974379858,161.91108520397796,851,1588,0.048923099879175425,0.15931289992295206,161.41022258415302,0.3103041503854025,3.102761801640992,True
761,96.57506790314463,0.2282110680542782,2.7565390191752988,175.15362111681674,266.2129429545222,11.01974969679554,559.8480771847591,805,1499,0.06403200002387166,0.15027600014582276,557.8599641573519,0.35638209499586754,3.1963260229223276,True
762,111.53138695389143,0.3239380964020837,2.554113442086334,131.58536829398406,284.86381463346646,18.06463258946389,452.6327841116674,743,1383,0.04057100019417703,0.088713200064376,451.18948313646365,0.3198879914422109,3.4398412983152418,True
763,64.52921725611773,0.14369772283022492,2.1043853937807477,193.32566977937714,135.79434226587873,4.636350787860486,593.7258185226585,859,1607,0.04139620019122958,0.1428163000382483,591.7970760787566,0.3259128038755691,3.071117349290538,True
764,108.6335714060104,0.35368175133104923,2.9277844292896695,98.25951509840655,318.0556788606447,19.210855894112175,348.33476311148604,738,1370,0.052700200118124485,0.0856181001290679,347.1014945259863,0.35530489062973447,3.5450486679343984,True
765,141.81631089231178,0.2788511445168147,2.919755524157514,85.26757860017831,414.0689571434668,19.772820301736775,282.24053875245886,775,1441,0.03823830001056194,0.11680860002525151,281.24396083151294,0.35434642507504444,3.3100569218212637,True
766,195.46765094235894,0.20549928572634657,2.019590298923451,123.17270855670849,394.7645715965435,20.0842313256308,389.08579410730607,791,1477,0.040862200083211064,0.09024539985693991,387.2799472532508,0.4662897903346405,3.1588636692857306,True
767,143.47757221783976,0.433648193781979,2.8799837428901074,59.45539794464603,413.2130754567199,31.109395020244833,232.37301200315952,693,1284,0.03522510011680424,0.0743792001157999,231.60380139865222,0.33212347977971035,3.908358534905488,True
768,65.06579309437664,0.2607243982906587,2.6821309081294813,141.21397891195917,174.51497472038537,8.482119876917922,461.1154451171904,782,1456,0.03905229992233217,0.12070229998789728,459.5121487969504,0.3489127163313555,3.2653668473195276,True
769,123.93275144110618,0.1343250685947125,2.8993911921907944,75.1599050496784,359.3295279523142,8.32363766922902,229.95640399008994,880,1640,0.07344109984114766,0.1724457999225706,229.37523685620897,0.25336960599861535,3.0595621939396516,True
770,93.00892668479742,0.10439874173533145,2.4033406858040838,64.43286215134539,223.53213764454276,4.855007458023271,195.45411704427121,911,1703,0.050244800047948956,0.13016490009613335,195.06681465907002,0.19854857725446895,3.0334539009794717,True
771,82.57346658286761,0.39860767608026676,2.218794740149535,143.53195787323182,183.21357332998005,16.45720881024421,536.1382993397347,694,1292,0.04166359989903867,0.08358690002933145,533.8930277058038,0.4205470979044359,3.7353235285291295,True
772,62.02344611556633,0.25343641079241414,2.374125176845726,88.71259125030473,147.25142497770025,7.8594997842529155,288.2392900924792,787,1469,0.052852199878543615,0.12942679994739592,287.1975772625369,0.36271644067179365,3.249136182700436,True
773,107.48096326608096,0.38121593845800367,2.8555345000028307,101.74287897538504,306.9155986998311,20.486728138924637,371.866089771133,724,1344,0.05931419995613396,0.08217600011266768,370.59879404317576,0.3419589454491251,3.6549593791335475,True
774,120.3283013154992,0.45707437573620247,2.779742312908727,117.47450891129584,334.481670607124,27.499491603589735,475.437441870097,688,1275,0.035970899974927306,0.11307489988394082,473.4011711505213,0.43013639248650665,4.047154112634737,True
775,97.80655147156878,0.35321206118521525,2.0720406207276847,58.28587417395182,202.6591476223836,17.27322682134533,206.92043806033024,706,1314,0.06186600006185472,0.11723319999873638,205.79243196865855,0.5481280729718403,3.550095816402867,True
776,134.81026760590248,0.2625457914679598,2.491668525676341,194.35303594429126,335.902500731632,17.696934203299566,634.5844433606419,791,1476,0.043540799990296364,0.1257756999693811,633.2553678688505,0.20987986193693922,3.2651120692683038,True
777,136.41386310344063,0.2826780325553588,2.7576982066600393,112.51172202315595,376.18826564392634,19.280601217678324,373.5099459737415,765,1423,0.04978900006972253,0.09206949989311397,372.22270642356045,0.3458251009319805,3.3197425055575067,True
778,60.04043720825282,0.43850459807687026,2.960548701081657,107.95513306479637,177.75263838926767,13.164003893182235,424.8238749706279,685,1268,0.0325377001427114,0.07235199981369078,423.4108475973145,0.333724887147264,3.935189211574052,True
779,135.4376709699535,0.2247470022616691,2.845729389304805,93.15907460349854,385.41896069819086,15.219605271899669,297.18276584751277,806,1501,0.037794800009578466,0.09499450004659593,296.09438357835745,0.36757950488692465,3.190057083675155,True
780,123.81729480910786,0.06875043028923372,2.284668748939689,122.08187314824465,282.88150402862107,4.256246147687535,367.5290303727751,957,1790,0.04570139991119504,0.10861349990591407,367.27663915777765,0.06871964837627653,3.010512706718406,True
781,101.41334126934672,0.45401314660872855,2.410458261428337,112.38066838929943,244.4526262817481,23.021495088900465,452.75968396817746,673,1249,0.03274619998410344,0.07228920003399253,450.806016383113,0.43337211884150206,4.0288039789883285,True
782,163.08355441888153,0.3771752237933618,2.9595732043783354,89.6148342030274,482.6577177328979,30.75553806747927,326.0464512608588,733,1361,0.034851300064474344,0.08216889994218946,324.8943134446515,0.3546192618737776,3.6383089268701028,True
783,104.64623567724237,0.4410306690676809,2.830278631122486,189.68584676405277,296.17800466470663,23.07609966807421,749.8349843373735,686,1270,0.03297910001128912,0.07385440007783473,746.6444325791986,0.4273187636521355,3.9530360178642185,True
784,77.3819718462648,0.38387443204472005,2.7332230929450434,160.04351919008053,211.50219242783416,14.852480246492709,586.6944635019054,716,1330,0.034047000110149384,0.07705989992246032,584.7828814036701,0.32688749261039407,3.6658433060641458,True
785,80.25753273142449,0.4918221392353955,2.3750039842448976,171.3404504616022,190.61196000279844,19.73621571886198,733.3339177612191,656,1217,0.031313300132751465,0.06926220003515482,729.5914495337778,0.5129539593470914,4.2799812641181365,True
786,194.5642188779549,0.1986622275040293,2.029264919555738,146.79324243201174,394.82234396979817,19.32628055743801,461.9517983966999,806,1507,0.038303400157019496,0.09481689985841513,459.91202392569403,0.4435140559263691,3.1469554779448106,True
787,104.11981917208976,0.46841729356856476,2.0939991753831655,148.6102207266435,218.02681548740026,24.385761951719324,613.4908843532086,653,1214,0.031286600045859814,0.06947320001199841,609.3502599286403,0.6795146727357058,4.128187693642388,True
788,149.69045979049474,0.44684429570099726,2.2498138612458956,180.9002376031311,336.77567133292644,33.444164039121034,721.5436649930771,666,1236,0.031681499909609556,0.07346139987930655,718.0536420383394,0.48603930826540565,3.9886275140005027,True
789,181.37016732807587,0.21017438905904223,2.2290839737451678,140.70318458759695,404.28933330649335,19.059682055857305,445.25480986884196,805,1503,0.06827250006608665,0.13611970003694296,443.5130693567941,0.39271458551916044,3.164497030922862,True
790,115.7224877023537,0.11481603484625132,2.397857428717673,59.34276135456557,277.4860268067784,6.643398590264166,180.5054573864375,893,1668,0.04858810012228787,0.14382670004852116,180.10698683134063,0.22124103129326242,3.041743479174149,True
791,120.9558873155222,0.2643392088171027,2.5219038089999852,172.97171598820483,305.03911294198844,15.986691777377885,566.2115280572261,781,1456,0.05385200004093349,0.14000390004366636,564.3220992964879,0.3348138878654098,3.2734341844410957,True
792,116.68927058739688,0.08617813960765233,2.235013408924151,152.0492023193513,260.80208444041057,5.028032125697903,459.2953174374808,920,1720,0.07313139992766082,0.12835270003415644,458.64330309618146,0.14216153095395523,3.0207019203745356,True
793,168.82049338509694,0.47975693673130554,2.469321988445828,169.99397276410573,416.87215641609333,40.49640138195087,712.7809161039099,662,1228,0.03636450017802417,0.07792890002019703,709.6618849196987,0.4395094692966655,4.1929775774639335,True
794,120.63861921588007,0.19473589476932956,2.3939956363784853,93.42391487336587,288.80832798154256,11.746334728370421,293.1130182200908,807,1505,0.05981509992852807,0.11035040020942688,292.126353585008,0.3377526960420769,3.1374516751668913,True
795,161.64881789987732,0.34823420119076226,2.288508486826947,90.77393346683266,369.9346916494129,28.145823487397383,320.0579257395905,728,1356,0.03895159997045994,0.12594639998860657,318.83315331854476,0.3841421158050176,3.525879220123633,True
796,164.2919230259667,0.2677637547739791,2.8422729890940386,66.97038882938867,466.96249514302207,21.9957110942352,219.76842182588948,794,1479,0.04259630013257265,0.09617829998023808,219.04133575958562,0.3319401170479925,3.281576016913438,True
797,97.63993816250465,0.05932025664448529,2.148804970532355,86.74597163346104,209.80918444606178,2.8960130952757246,260.8330975574729,961,1798,0.054793900111690164,0.17913229996338487,260.684992237935,0.056813903349968456,3.0068612137933584,True
798,146.16251960821583,0.15723503502343805,2.7663521225191148,56.391791967904666,404.3369963509296,11.490934444855883,173.9847049843948,848,1580,0.04692049999721348,0.10821360000409186,173.46432337469906,0.29999345085597795,3.085284203832679,True
799,87.36229856556841,0.2488576553120137,2.4508456962812772,103.86023080706705,214.11151345666335,10.870388391847726,336.3799781662739,780,1454,0.05434389994479716,0.09727529995143414,335.1878601969729,0.355656666264828,3.2387755693624483,True
800,152.85338891530523,0.45638476740687867,2.342083319715501,175.45259110743382,357.9953725405226,34.87997917373237,709.7026436998894,667,1238,0.0331262000836432,0.09967969986610115,706.3111465369165,0.4801704149228989,4.044982403624473,True
801,60.2900465892643,0.1299124831536129,2.979996383755215,198.19061433262308,179.66412081244104,3.9162148309291673,605.5529394930179,903,1684,0.04944279999472201,0.10083190002478659,604.0310758435355,0.25195121746957905,3.055406743311866,True
802,150.1446717744019,0.3199570909460677,2.9366482976091497,153.6948093789336,440.9220947613819,24.0199262009949,526.9023895405585,759,1410,0.03605480003170669,0.12850399990566075,525.0387244714736,0.35495764068848257,3.4282380235853243,True
803,187.42930916707593,0.05333440402654492,2.129853563825443,106.88781475967778,399.19698209483744,4.998215250766513,321.0829497181536,973,1820,0.07825400005094707,0.12645630002953112,321.0298920465923,0.016527330593128903,3.003924726500055,True
804,153.61032773132075,0.29344415299309773,2.6877194113794673,185.55040991687886,412.8614596318325,22.538026256054785,621.266334776957,772,1439,0.05031850002706051,0.10901960008777678,619.2455517724139,0.3263298377774657,3.3482347738022575,True
805,193.10160562506945,0.3767846584310656,2.780240073602406,118.4456671954381,536.8688222357858,36.37886125896607,430.6520548598412,730,1357,0.03383979992941022,0.08476490015164018,429.22593328648463,0.3322542891192714,3.635861615345163,True
806,162.74053928900827,0.4726364747406322,2.3173228240383366,180.4707743470278,377.12236609072653,38.45855739347311,748.4272759984303,657,1219,0.0332357999868691,0.0690168000292033,744.8956654756196,0.474108078015973,4.147082976212411,True
807,133.1292668497606,0.4961824197615483,2.3885606499381438,61.68318152547914,317.98732815245273,33.028200883297544,265.96925870096175,653,1211,0.03332000016234815,0.08564399997703731,264.5902304550835,0.5211939395896789,4.311860253043194,True
808,149.80743740138166,0.4248050306859625,2.4588357466127455,90.63011805285879,368.3518821909684,31.81947652113967,349.9835854425979,703,1308,0.036597599973902106,0.08595920004881918,348.77640629361815,0.3461183518140587,3.861669751312414,True
809,198.7464248409302,0.2820718108893003,2.051644795676404,132.4516879090556,407.757068184186,28.030381981327697,440.2562898105846,748,1395,0.05210239998996258,0.103539900155738,437.9799407634326,0.5197381969558115,3.3239009389814247,True
810,199.73424493767504,0.4952466653398993,2.3800808401010665,144.90501126412582,475.3836494882138,49.458859379783114,623.827242100305,652,1209,0.0439858001191169,0.08216190012171865,620.5872993513282,0.5220768701459815,4.30507707537611,True
811,138.80392314557952,0.18924970169627414,2.10665446300821,168.5297139749764,292.41190417768365,13.134300524786743,527.6916655188257,822,1537,0.03946079988963902,0.143962100148201,525.567757442597,0.4041168900017109,3.131149119479182,True
812,125.39688072275237,0.13978734192009185,2.5870286409759147,152.66704804904833,324.40532191880095,8.76444832065218,468.03342917096376,859,1602,0.0630872999317944,0.14596920018084347,466.72704351332345,0.27990357014806505,3.065713493199892,True
813,176.7220711449259,0.2374299610180951,2.406962689707597,188.02939982596052,425.36343169368814,20.979557231488393,604.3876827061831,793,1480,0.03895299998112023,0.09510170016437769,602.3023102568474,0.3462335132744981,3.214325436690234,True
814,81.12579909288038,0.05121106318017365,2.404434683452995,119.14355373115298,195.0616850617611,2.077269211443786,357.800047645752,984,1839,0.055096699856221676,0.12279170006513596,357.7741940212031,0.007226240735345823,3.0031003477798435,True
815,146.78889563411462,0.18468674763907417,2.8299282229069394,121.9284375700629,415.4020385643222,13.554981862098062,380.7843072842512,852,1589,0.03929509990848601,0.09569570003077388,379.4229080272677,0.35880787063223213,3.1230147361270313,True
816,111.75258261132109,0.10659736426641962,2.654811221102136,167.78548830594013,296.6820103036787,5.956265378166073,509.15679018632477,912,1704,0.0424065999686718,0.11067550000734627,508.216422631344,0.18503289407923915,3.034569886389269,True
817,164.72678409295895,0.4927369191160085,2.718040318780826,184.01078562447873,447.7340407477664,40.58348404492625,788.2458234763806,661,1223,0.030969300074502826,0.08593070018105209,784.7445162393891,0.44617160929906763,4.283693593292942,True
818,170.51016754324914,0.48348053312983585,2.9692958811096455,57.527028333772144,506.2951381734852,41.21917335393386,242.6061745742871,668,1235,0.054073099978268147,0.11557739996351302,241.6077727412446,0.41323249733020095,4.217255464104364,True
819,126.43231438881132,0.08710998863561839,2.3836761729975366,107.28421136093255,301.37369530554315,5.506758734792143,324.1483581250605,923,1724,0.07436640001833439,0.11698639998212457,323.666813059457,0.14877801682899913,3.0213985265225975,True
820,153.70695037327033,0.37398487551386617,2.742724364948917,129.48586552033308,421.5757978507625,28.742037350481755,469.28802703616367,720,1337,0.03478850005194545,0.07923539984039962,467.7309381324263,0.3329026961429145,3.624241342098236,True
821,65.99329819797482,0.10191257108919619,2.053371523369795,62.98684176305064,135.5087592529727,3.362773347005816,190.99568184303234,897,1678,0.043399699963629246,0.13502960000187159,190.58380603636306,0.21611269878339037,3.032310820751046,True
822,172.96737592329146,0.4521049817375932,2.094647255128142,93.69193112707161,362.3056392044399,39.09970616649955,377.35027867781116,664,1234,0.03144809999503195,0.0696435000281781,374.7753199561651,0.6870673132764534,4.027564317849549,True
823,145.73893627485214,0.24417879540469833,2.532513017917695,58.555055466910936,369.0857533335404,17.793178951577744,189.04590255082877,795,1483,0.03696900000795722,0.08843100001104176,188.38632541229083,0.3501194352055174,3.228515472206449,True
824,186.7341188089615,0.11817635919779296,2.707520777387111,117.34602813480426,505.5865065223366,11.033779149425591,357.2994297028587,883,1646,0.041426199954003096,0.1099829999729991,356.45956527388313,0.23561281861807845,3.044836160047972,True
825,94.44804870313523,0.1227563717127047,2.7037440609181194,111.20008866119184,255.36335074640715,5.797049887070853,338.9788791226498,875,1631,0.0415455000475049,0.10121059999801219,338.20985006490133,0.22738221775648898,3.0483687846280594,True
826,97.69938344598935,0.1705786863020153,2.812938114522974,140.29617476540596,274.82231946061836,8.332716240366862,435.2337932456968,851,1587,0.043431000085547566,0.09186229994520545,433.86672007087844,0.31509058233252535,3.102249893651528,True
827,90.43605335406819,0.06076779597497212,2.265066611643155,184.1094640189966,204.8436849410788,2.747799819500855,553.6278247594596,964,1802,0.06512819998897612,0.1433714998420328,553.3618611384518,0.04806323667855182,3.007057935393999,True
828,90.58355243065527,0.25987251248087184,2.7237081055984746,187.09040411863876,246.72315598928017,11.770087679798586,610.5782797333072,788,1467,0.03736279997974634,0.08653210010379553,608.4245992955775,0.35397655522527866,3.2635467468771093,True
829,132.27675553767313,0.13815419630506295,2.0469144423589816,118.20331653361937,270.7592012984515,9.137294425574257,362.28440202772407,855,1600,0.040089899906888604,0.10055430000647902,361.1743425185215,0.307347277622762,3.0649258637737393,True
830,150.0182548076227,0.16095468397290966,2.27329231908992,142.87979766028673,341.03534637744315,12.073070396364173,441.6355360247977,848,1585,0.040037999860942364,0.10520750004798174,440.1361889150513,0.3406552670532114,3.0909585767670062,True
831,149.51539697746816,0.10001890660859875,2.122593497796233,89.32268418724092,317.36040944479646,7.477183263418477,270.7294828647433,887,1658,0.04187349998392165,0.09828729997389019,270.1595329075642,0.21096792367276163,3.0309152185488735,True
832,114.80909373653023,0.4431996337424008,2.7000558543533395,153.30875436892444,309.9909656763198,25.441674147163578,607.488340031216,683,1266,0.038784800097346306,0.08077580016106367,605.3347246738224,0.35577264439175693,3.9625156601908533,True
833,60.55633179221371,0.3113407966806702,2.9226333124387427,149.54729754750662,176.9839525750171,9.426828292123407,508.5502771319242,755,1403,0.04345989995636046,0.08273390005342662,506.8675108738451,0.3319933161977529,3.4005982419734018,True
834,86.1065465486779,0.26605259290308386,2.2107076617728905,118.02188440880613,190.35640218396625,11.454434987602921,387.0654045561787,758,1414,0.035799199948087335,0.08917849999852479,385.5300943473471,0.39823355720924997,3.2796070533449138,True
835,79.13238054648362,0.05638020212328206,2.5108423984867114,79.68447345975349,198.6889361692961,2.23074980485361,239.3742234603605,994,1859,0.05879859998822212,0.13828169996850193,239.39377916706738,-0.008168844977894942,3.004025917059765,True
836,102.20958066454673,0.40834765058640554,2.440204474798909,192.2615562720642,249.412276104947,20.86852106589468,726.663848272943,698,1298,0.03296559979207814,0.08539560018107295,724.0007138049673,0.3678358898266415,3.779558755077694,True
837,61.15166103341534,0.1852732804736476,2.5059671323297334,161.88258510381476,153.24405263710773,5.6648844230366935,505.6108867588631,826,1541,0.03850809996947646,0.09169859997928143,503.891573330618,0.3412070213599381,3.123318585718263,True
838,62.79457883582794,0.09575197535728558,2.6455045086587314,115.49655237745147,166.12334142950897,3.0063524826296617,349.58032519390264,923,1724,0.04546179994940758,0.10504480008967221,349.01424486613286,0.16219404683235977,3.0267598296046767,True
839,72.1015160734907,0.4781837258831782,2.368322057198136,135.3999556754655,170.75961087427396,17.23888579892382,566.4747154552035,659,1222,0.031495000002905726,0.07020239997655153,563.8168693265269,0.4714023778414776,4.1837141868270855,True
840,167.7554710194048,0.29554420349508753,2.0564148521783587,68.21053512981638,344.97484213848026,24.789578532186617,229.14039677177163,740,1381,0.035108699928969145,0.08438939996995032,228.04158178100303,0.481848521741897,3.3593109383422672,True
841,115.11594201209081,0.20375135695140106,2.799305954986814,111.10288837656859,322.2447419883626,11.72751469585115,350.307524266654,827,1541,0.03846980002708733,0.09405139996670187,349.0080801266337,0.37232494432474245,3.1530010550160754,True
842,139.50109288734484,0.21585153115414607,2.1201072939212895,81.64455414858433,295.7572845404511,15.05576224870507,259.2113476703148,794,1484,0.03714839997701347,0.09372030012309551,258.1649155590827,0.4053347485137307,3.174876149100869,True
843,154.6602770474922,0.23892656982932114,2.869492751367538,144.13634953566157,443.7965439122741,18.4762247419049,463.72651026094127,804,1498,0.04389400011859834,0.09255760000087321,462.1436810944154,0.34249719974046317,3.217276639479538,True
844,171.0185818927722,0.36368807137830966,2.0625450747726655,60.806859758485906,352.7335337775431,31.098709109217918,218.31326778366713,709,1322,0.03412079997360706,0.08259060001000762,217.13086993688975,0.5445553859389258,3.5902736739040435,True
845,118.75985585386292,0.16571017590196283,2.7900776104260046,118.61647513754438,331.34921483528257,9.839858301817687,367.3166190820607,849,1582,0.045407700119540095,0.09311120002530515,366.08595362452115,0.33616844496628395,3.0966745442075436,True
846,174.35162510969852,0.30844163865555246,2.4364510219334705,55.25832055012211,424.7991951742863,26.88865047554699,187.47043098184128,746,1389,0.035562000004574656,0.0905534999910742,186.80610596127713,0.3556227550195049,3.392619050226039,True
847,83.87850191134653,0.47647916885856206,2.493861712998506,136.145204964697,209.18138446037912,19.983179437909854,567.704622414681,669,1241,0.04173880000598729,0.07376279984600842,565.3764925384222,0.41178398942729,4.169846617527875,True
848,138.96362465334272,0.36138724530324284,2.303259554645222,95.46096044561605,320.0692962309439,25.109840755412666,341.23544454460915,723,1347,0.03412859980016947,0.078805300174281,340.0178772567685,0.3580891974456995,3.5746072839798253,True
849,65.44953058520817,0.49050042347970224,2.08630804290155,91.75280549361563,136.54788206405078,16.051511234296164,392.90659616597435,640,1187,0.03057719999924302,0.07238280004821718,389.83548052520587,0.7877978773586545,4.2822297809009635,True
850,194.11036416185573,0.388024509761532,2.289476576152155,124.8639203939995,444.41113193693343,37.659789446768265,460.3992400786036,699,1300,0.033888099947944283,0.08659350010566413,458.49706353144455,0.4148721329877402,3.6872079510706173,True
851,102.29708127666103,0.27508437150392745,2.4484841011037557,119.41224340373759,250.47277709522322,14.070164154838242,394.10182669843596,770,1435,0.03591460012830794,0.10526550002396107,392.72170938620786,0.3514237382967969,3.300346894630912,True
852,75.88916342945244,0.1557046348799892,2.6633411538515266,139.67990341711567,202.11873209302493,5.90814724156536,430.6667851092701,842,1568,0.0395601000636816,0.09458480007015169,429.4153564474727,0.2914261548889232,3.083240856941331,True
853,93.3884357852499,0.3109755281116249,2.008700487509725,55.06518793089953,187.58939648960214,14.520759068918327,187.66224875059163,730,1361,0.034676200011745095,0.08189859986305237,186.57387910008057,0.5833451369295054,3.4080016032286338,True
854,161.83319558402036,0.2192959459795899,2.2269426970454593,102.0724574472267,360.3932530453636,17.744681858248867,324.6229984084387,799,1492,0.049934899900108576,0.09462099988013506,323.3929650301193,0.38035254669342417,3.180319221532162,True
855,178.03949252270635,0.0817959789165704,2.8013409959340296,73.78960804524448,498.74932929914746,7.28145728835209,222.65742490844235,955,1784,0.044977599987760186,0.10417800000868738,222.41488822633676,0.10904696355523699,3.017463174108728,True
856,105.05841327649344,0.37916210191164657,2.9129136403254985,160.2682291766906,306.0260850640512,19.917084400708845,584.244276410044,726,1348,0.03363680001348257,0.07901580003090203,582.3821002947541,0.31975160540604386,3.6454154351823114,True
857,103.55059943368266,0.3407802740883449,2.837437471879244,143.3663602113312,293.8183510686888,17.644000828511395,501.3685554957408,748,1391,0.034996199887245893,0.08199510001577437,499.7333463116432,0.3272163437094052,3.497114349256628,True
858,96.82215496727588,0.23663844423957597,2.805924051634095,199.7657088614598,271.67561335372295,11.455922059689648,642.0639210256417,805,1499,0.0380776000674814,0.08788230014033616,639.5753160631776,0.3891027217532888,3.214084763020672,True
859,97.33397001630658,0.43550494755223634,2.06399291464583,165.5605640885678,200.89662446800645,21.19471275350127,650.804128832636,666,1238,0.03204900003038347,0.07110790000297129,646.6051703837225,0.6493852262922264,3.9309127292202493,True
860,62.48303528168142,0.4958654636533133,2.908959568068607,175.64534576352867,181.76062332461552,15.491589630208644,756.4810827065835,664,1227,0.030967599945142865,0.07023980002850294,753.0270517540508,0.45868617129850425,4.306866654611127,True
861,91.5169443578659,0.19069849813658118,2.8533209257898804,136.8865179554897,261.1272124006469,8.726071921547046,428.58831889337785,840,1566,0.03883969993330538,0.09211630001664162,427.1843485811677,0.328656777073704,3.130975389648954,True
862,175.03406588671336,0.31918026166924457,2.619308120340333,187.46611366569485,458.46815011325316,27.93370947537648,642.2597045993275,759,1414,0.03952929982915521,0.10177910001948476,639.9439879130921,0.36186240201851944,3.426004263067289,True
863,87.01986105503292,0.10263420915533475,2.6990091341558937,107.78265741147447,234.8673998405106,4.4656073100952085,326.783756580194,909,1696,0.04412019997835159,0.10326060000807047,326.1774130043601,0.18589379633891767,3.0318769682274023,True
864,146.9487408637718,0.0981939635577869,2.871979557016857,176.93122290653133,422.0337796901203,7.214739652619939,535.8670693402742,907,1690,0.04238269990310073,0.11958030005916953,534.9287291518161,0.17541405748497782,3.0286744223960986,True
865,172.63683959583844,0.2215446988081997,2.5449932842158365,198.9067701048199,439.35959737965544,19.123388315729756,633.4573494095015,798,1487,0.03734140004962683,0.13795370003208518,631.0110178072417,0.3876844513366413,3.184694764666291,True
866,186.1748146713892,0.4204431406451293,2.0213802853987852,156.90481157158308,376.3301000145187,39.13796189473189,604.7049231045684,679,1264,0.04746770020574331,0.14261049986816943,600.2912007274118,0.7352635473930239,3.8539603537185982,True
867,162.4365492372197,0.26556495621636106,2.639560787820766,55.782931167463424,428.76114587548227,21.568727543059513,182.73218765955974,763,1420,0.058513900032266974,0.1007922999560833,182.15531871988915,0.31669069216566464,3.275772424202444,True
868,87.7826734149663,0.09616572394841102,2.9254473284354026,114.43514968658486,256.8035874247306,4.220842169538584,346.3824817906086,928,1731,0.044143900042399764,0.11982819996774197,345.8357532319439,0.15808907944171777,3.0268888775807206,True
869,181.8242599112557,0.06399092704109077,2.1090678897401847,125.21535556912559,383.4797081546029,5.817551475140744,376.64144008038477,945,1767,0.045495100086554885,0.10906910011544824,376.4844903697976,0.04168822743083589,3.0079492915903474,True
870,89.19809920195497,0.08793264197354367,2.734161676408704,99.41555266369005,243.8820244464871,3.921712260923069,300.38451121865194,944,1764,0.04500160017050803,0.10677090007811785,299.9719315278834,0.13753943199522384,3.0215042130763368,True
871,108.76200265694487,0.24676262179217545,2.0223236062232828,71.1880799666406,219.951965433259,13.419198463497635,230.67007240233278,770,1438,0.036608099937438965,0.08495229994878173,229.422489376131,0.5437928206577836,3.24029068504765,True
872,62.63078965344216,0.2878257314538402,2.252411731445395,168.19962831037145,141.07032536510198,9.013376421766798,561.087319792015,764,1426,0.0362790001090616,0.08457009983249009,558.7563707011248,0.4171673403858301,3.3358416152779187,True
873,168.94016524876608,0.0978754889711998,2.0488708636683017,150.22754643911364,346.13658228150496,8.267550640299138,455.039636371092,892,1668,0.04201079998165369,0.10002330015413463,454.1635442951948,0.19290233373019322,3.0290026506924077,True
874,127.09961202469832,0.36510876520544133,2.275607957538138,51.07186962399575,289.2288885234135,23.202591202214133,183.36797952787447,732,1365,0.03424289985559881,0.0803988000843674,182.65445321298517,0.39064271488485536,3.5903909701735364,True
875,104.88203613850146,0.4187432708811744,2.5569993576963,155.0532690327983,268.1832990400284,21.95932343465682,594.0398272377222,694,1288,0.0334073998965323,0.08230239991098642,591.8656920003024,0.3673359119823265,3.831198341984427,True
876,94.89945538910209,0.18204480078553004,2.846503441182956,143.17850952894327,270.13162633146754,8.637976225482193,446.49217221338216,859,1603,0.04024939984083176,0.09364940016530454,445.00896455847374,0.33329837666978823,3.1184300890010634,True
877,111.42460781959687,0.30097486668212603,2.47304092666192,112.1439099208707,275.5576153751169,16.768003241805673,377.9180356789939,748,1393,0.037645400036126375,0.0874596000649035,376.651848081381,0.33616922472641264,3.369938108504106,True
878,66.16168854995226,0.332612932407679,2.7280810902771897,119.48669426881621,180.49445143393362,11.00311662082159,414.4693552280316,742,1379,0.03758440003730357,0.08319759997539222,413.1326696463013,0.3235487483656752,3.4687490332235287,True
879,148.11467988841042,0.4193725232013427,2.9384566485825765,100.88519352164084,435.2285658707796,31.057613513980925,386.7851809267602,706,1308,0.03308870014734566,0.07462600013241172,385.41897344695445,0.3544733326403703,3.8339142487127313,True
880,63.00707999778122,0.37000929239221747,2.765890344100808,169.49285894779268,174.27067417585025,11.656602542839433,611.4593993190191,727,1351,0.033923800103366375,0.07725670002400875,609.4959357445393,0.3221454745356523,3.6075820722769287,True
881,197.68916498139689,0.15240545361685892,2.1888914134521786,149.27697075589333,432.72011576031076,15.064453432063926,459.80637022329705,843,1576,0.04372459999285638,0.09363489993847907,458.35988107671676,0.3155793528836762,3.080223077243442,True
882,116.02273357900023,0.48448202708335936,2.012951277573247,147.49752631115334,233.54810978538902,28.10546457605329,626.2504531398642,644,1196,0.030588099965825677,0.06695520016364753,620.4885192326942,0.9286124929910596,4.245836989962516,True
883,142.53371344372079,0.17502602957333402,2.492294874054001,167.33070148062083,355.23604339566714,12.473554972198896,520.1311557994215,838,1564,0.03879310004413128,0.08911970001645386,518.454711418684,0.32335406426342134,3.108402410299223,True
884,183.028038460816,0.4461835203748032,2.9078455553565146,60.754462602260844,532.217268143905,40.83204726387088,241.7582982782442,697,1292,0.033144700108096004,0.07570400019176304,240.92338245186673,0.34654827517386677,3.9792681545215034,True
885,123.9955686308146,0.12580515585883295,2.553114111304856,101.26621282937307,316.5748360106025,7.799640918702124,309.0484864127178,893,1668,0.04190659988671541,0.10612490004859865,308.26141204768413,0.2553269187360773,3.051842048575908,True
886,129.11379659194517,0.13168807153769443,2.7295199199248055,178.10035280492244,352.4186797348338,8.501373441051703,544.606572753152,886,1653,0.04690830013714731,0.09489269996993244,543.0915604203387,0.27896075785834434,3.0578635256813476,True
887,110.10397765534404,0.2089166157339793,2.585136317960578,153.41702020526932,284.63379138874984,11.501275195302076,485.09227090875345,807,1503,0.03770529991015792,0.08628759998828173,483.2582005934836,0.37952181939539886,3.1619195201399974,True
888,191.8318347964437,0.4295663482530702,2.7787075322951935,115.58013388273402,533.0445642828853,41.20225037609728,449.1749631464478,697,1293,0.03239229996688664,0.07094010012224317,447.69443346282986,0.3307009363878662,3.8862644302019445,True
889,122.51024091778055,0.3992333710195051,2.451377308655644,188.97285210003278,300.31882466378346,24.45508823300862,705.9032697969219,699,1299,0.03317609988152981,0.07433259999379516,703.4656495671405,0.34651588621012275,3.735474497803801,True
890,184.50045029044313,0.3463232301660064,2.7080954936495805,173.42233310586698,499.64483800786746,31.94839595583448,609.9395302558612,738,1372,0.03434390015900135,0.07945780013687909,607.9242765969776,0.3314974802724631,3.5170760266702152,True
891,111.94373118427558,0.06718451425166697,2.0781392666381353,161.67756382514435,232.634663428027,3.760442601567369,486.66336384231835,937,1752,0.04420199990272522,0.1003101000096649,486.3018238957403,0.07434476467346046,3.0100859533524944,True
892,197.50279178309273,0.16236195166239026,2.7532380518214357,94.22893247624165,543.7722016781769,16.033469366336814,291.3353766830385,858,1600,0.03989159991033375,0.09655410004779696,290.42941198082735,0.3119397226445265,3.0917826301013664,True
893,72.97701273176526,0.4543494203014881,2.7926776802818565,80.24194743265637,203.8012746296457,16.57853171500593,323.28360344782845,690,1279,0.032514699967578053,0.07215500017628074,322.0452934113776,0.38451424746302676,4.028860387755999,True
894,77.24518533573028,0.377934495848536,2.5192547188278454,88.68894318963325,194.60029766377,14.596810088292976,322.9105711242636,710,1320,0.03559099999256432,0.0895493000280112,321.81951762206074,0.3390265171810226,3.640933802016577,True
895,146.41279652494788,0.40109358954072655,2.8895983012244972,161.3416283265249,423.07416811601735,29.36261705644368,603.9666563023511,710,1317,0.03430820000357926,0.07282479992136359,602.002879097873,0.32620727784905446,3.743402509115856,True
896,152.55188062347568,0.46768967916190046,2.209609553489603,86.377367972858,337.08009282843733,35.67347005216894,355.6981683731996,657,1220,0.031028199940919876,0.0711459000594914,353.77495047214217,0.5436274949627612,4.117955625656123,True
897,112.39088994372999,0.1241183324345679,2.0031961172596913,199.20078932861585,225.1409943506412,6.9748849203264065,607.7355784133899,871,1630,0.040755099849775434,0.10213020001538098,606.090637491273,0.27140180368494826,3.0508693286893855,True
898,87.88716131846603,0.20836093980049214,2.1159556027030892,104.90034868289453,185.96533139747842,9.15612576435652,331.77127595200267,795,1485,0.040400000056251884,0.085913100047037,330.3331845048971,0.4353457401686728,3.1627280568429854,True
899,143.17827600274714,0.4285027186234402,2.5810487200523933,156.43425255358784,369.5501060161988,30.67614025749721,607.2035094609961,687,1275,0.03233770001679659,0.07238420005887747,605.0562015869239,0.35489395339479685,3.881525302478072,True
900,182.8798430223448,0.3235414887522419,2.4574987908664614,190.8169927519285,449.4269931012606,29.58460833711287,656.1681772851223,734,1367,0.03559029987081885,0.07700449996627867,654.0424480328772,0.32501395874816086,3.438730313385524,True
901,192.4490228800565,0.3366481985769007,2.641856803262257,65.56302862203748,508.422760376851,32.39380843522788,228.36808233743534,733,1363,0.035513499984517694,0.07576510007493198,227.59082600954522,0.3415147884113379,3.4831838482317266,True
902,113.03214606037696,0.2532983997035391,2.785343952394939,175.35087318825305,314.83340445549237,14.31543085607509,569.6756653571607,788,1467,0.03667129995301366,0.08937650010921061,567.6257592679088,0.3611369032821404,3.248775754572769,True
903,165.75389658653353,0.19584938392985918,2.6043974432344745,167.49582008130704,431.6890244761194,16.23139926522309,525.8091317258577,821,1531,0.04517749999649823,0.09384560002945364,524.0313197053608,0.3392568256218828,3.1392373342249114,True
904,180.62882953824902,0.4198281176895698,2.11767941593755,54.805357602694386,382.51395423804246,37.91653075275663,210.7029329381632,681,1267,0.03254289994947612,0.07445690012536943,209.50397596342995,0.5722836376826251,3.8445681618507392,True
905,108.35294640617656,0.4233751199962547,2.359549084732838,170.92467304438534,255.66409552080015,22.936970843331377,659.2390341387771,684,1270,0.032276100013405085,0.07313839998096228,656.507576932902,0.4160587481162153,3.8568980264633144,True
906,66.62641790010119,0.4470977062216719,2.105114837123366,153.8491340641675,140.25626086588483,14.894259308450891,614.7645689647663,667,1240,0.03157110000029206,0.07146369991824031,610.9039811447817,0.6319467443558346,3.995892292174748,True
907,129.49001783768927,0.14441460433825515,2.2238936113169876,191.4552286824414,287.97202339855994,9.350124845891749,587.9839075379899,846,1580,0.04207490012049675,0.0961515000090003,586.2142249396685,0.30188325752476486,3.0711300578437255,True
908,155.39615982818594,0.2451129424658841,2.20641097917909,67.24072820583925,342.8677931671781,19.044804991692736,217.35185786066873,779,1454,0.044752700021490455,0.09004859998822212,216.46372777511235,0.4102904882424811,3.2324435451577056,True
909,139.96490218165343,0.35545250950899604,2.285195453993682,94.91984323351046,319.8471581841848,24.87543786182493,337.16138375905234,722,1345,0.03398390021175146,0.07883099978789687,335.9354109208614,0.3649430212880315,3.55206427100399,True
910,164.96127991808805,0.3276364055232911,2.3791841666446736,181.0735309787796,392.47326529055505,27.023660401441916,625.2615977171934,732,1363,0.03456609998829663,0.08048840006813407,623.0657424708854,0.3524275363944498,3.4530811562429253,True
911,60.27274728381042,0.12210985502112835,2.791649956777627,118.94159989916126,168.2604123497182,3.6799482162755988,362.5838973367352,888,1656,0.04221990006044507,0.10616840003058314,361.6905735838574,0.24698563305817867,3.0484195407169064,True
912,177.8454105377807,0.4145633696845864,2.2407026704738935,189.46847111453735,398.49868632353116,36.86409633774051,722.4970825383243,686,1276,0.03414479992352426,0.07369860005564988,719.2571206570766,0.4504594793983908,3.8132839637554308,True
913,168.45670503831292,0.3469085826911747,2.039682344779195,150.48755956656976,343.59816712632335,29.2195383948332,530.8715865987814,714,1331,0.03472139989025891,0.07531060022301972,527.8459279612318,0.5732086726965859,3.527677557718283,True
914,177.71780579592328,0.19111232620247176,2.23312053314441,59.74140638799166,396.8652812282469,16.98203163662901,187.13201000139324,814,1520,0.03796220012009144,0.08964639995247126,186.47345238370545,0.3531642758094488,3.1323670016413905,True
915,191.1502255410536,0.14724124444600628,2.3981099853258403,68.3480823750056,458.3992645672871,14.072598542399753,210.0986411844351,849,1584,0.0438618001062423,0.09084720001555979,209.4783777201032,0.29609903947255345,3.0739507808234667,True
916,99.02633370242667,0.0889610852475249,2.329788779005562,57.78071172363122,230.71044108597397,4.404745057125713,174.63649210642683,913,1706,0.04254829999990761,0.09810089995153248,174.37741119018213,0.14857481509582454,3.0224011940476636,True
917,94.24680022476805,0.44799088027771833,2.896640067324535,161.20837631743012,272.9990577481941,21.11085349802605,642.1435633234878,691,1280,0.03202769998461008,0.07349180011078715,640.9600855690741,0.18464141232179584,3.983313882270385,True
918,76.4785243370469,0.057494367262507645,2.5132093264083553,67.86825279036591,192.20654063381465,2.198542182964402,204.00913807839214,980,1831,0.046201599994674325,0.1177527999971062,203.91680318818143,0.04528066778562537,3.0059583043716103,True
919,119.59491522858565,0.2765428178893946,2.5607218377161076,65.29199980374389,306.249311105646,16.536557431278172,215.7434655277919,762,1419,0.03551750001497567,0.08502190001308918,214.97231574357076,0.3587205085239913,3.3042863777534506,True
920,136.47669999460953,0.41127304843254375,2.084574287476253,128.37694317599312,284.4958196483735,28.064594223398394,488.1393318335955,680,1265,0.033369700191542506,0.07253289991058409,485.2573539185097,0.5939071076024957,3.80239098826649,True
921,194.93417397821494,0.32940745009220146,2.6476519869853288,181.10715711386746,516.1178530647645,32.106384592996676,626.214793991586,744,1385,0.03509959997609258,0.0794029999524355,624.2434566542661,0.3157962356362755,3.4577031850699647,True
922,121.23388101740161,0.2748283653972187,2.0079610891792257,136.60995900779136,243.4329157731264,16.659254675386695,451.60673622352533,754,1408,0.0362406000494957,0.08341960003599524,449.19338396699123,0.5372635356337842,3.305811227113893,True
923,122.14708393026905,0.17260585516802862,2.7932480494917282,99.73646219775577,341.18710393932645,10.541650939032527,309.6687119483482,854,1594,0.0413589000236243,0.0941272999625653,308.70032115674826,0.31369931458807826,3.104869624654846,True
924,123.51808239072568,0.09227867709478207,2.5649752221248385,164.08549601455317,316.8208208165857,5.699042620150231,496.30127131253784,920,1717,0.044108200119808316,0.10088469996117055,495.5044470834515,0.16081071194748064,3.024650461906271,True
925,117.13633166210158,0.23259017174954305,2.009425944494218,199.29735412704804,235.37678388470647,13.622379749699823,639.7093518083134,778,1453,0.040227900026366115,0.11506580002605915,636.4605938883981,0.5104413299285845,3.2098236055884195,True
926,162.0514838185498,0.3905811048308885,2.2326687232065803,124.14948602387771,361.8072794708934,31.647123794667014,459.1788559696724,699,1301,0.0431688001845032,0.12660900014452636,457.277832442297,0.41572614994742546,3.698596511961059,True
927,197.27853508428805,0.1167196122193018,2.253132402134427,155.63624415851024,444.49465964402276,11.513137057115014,473.7839335295393,874,1632,0.04316030000336468,0.11532089998945594,472.5922246000862,0.25216431151857266,3.044174807039204,True
928,187.68108539097614,0.28006053751907073,2.5081478208049925,105.22514504623025,470.7319053296925,26.281032828379693,348.65171037604324,764,1423,0.057251299964264035,0.08300380012951791,347.39937288084656,0.36048927918652857,3.3133877859979615,True
929,101.47776279328079,0.3632891891825048,2.1600653167721324,116.52871889322105,219.1985958333954,18.432887082612766,417.7492657581549,703,1309,0.03308589989319444,0.07349570002406836,415.92192580812343,0.4393468669584992,3.584946867397999,True
930,79.23063981665224,0.49886827712529225,2.015148963012808,123.88529605956927,159.66154166536808,19.762826390433943,538.8826626720744,642,1193,0.02472499990835786,0.058228500187397,533.8400332287066,0.9445955959633762,4.34985167580305,True
931,63.525238252039735,0.41999029044122427,2.1190381138986316,76.81266189511139,134.61240105056348,13.339991631911069,295.37060454166107,681,1267,0.02678459999151528,0.0633318000473082,293.69462146513996,0.570655011712578,3.845337438572213,True
932,146.56065326861597,0.46230938622605866,2.5620637215071955,177.51396463729168,375.49773273991593,33.878182828752024,723.7461818176816,682,1266,0.025839600013568997,0.05997720011509955,721.0437963537265,0.3747879778760901,4.077122514256768,True
933,171.0797063793608,0.06908938106636121,2.732832708771596,55.403755594636436,467.53221740055784,5.9098955133824225,166.8378467333744,967,1806,0.04349870001897216,0.10222020000219345,166.68645404512904,0.09082482983552066,3.011309340725013,True
934,75.08429755522153,0.20402386870169692,2.2112042049951945,171.88381767430832,166.02671448321624,7.65949443298283,542.0500488155539,800,1493,0.043906499864533544,0.09336269996128976,540.0167916689196,0.376517393162992,3.153583950774528,True
935,175.75043287919593,0.17366496782710114,2.962143503999098,81.12338652698773,520.5980030781398,15.260846635782329,252.01713957444096,838,1560,0.041089000180363655,0.10376989981159568,251.20371677347833,0.32381001818381805,3.106590471178137,True
936,100.72738082251465,0.2211273412372567,2.405749828947195,75.21854078738737,242.32487918406358,11.136788955537652,239.45323995033056,801,1495,0.04138079984113574,0.09084889991208911,238.5650407586919,0.3723090310357166,3.1834337311483982,True
937,68.9166599499558,0.3649098781264594,2.344915141556445,151.47327032950434,161.603719422148,12.574184991610508,543.6036868367703,716,1333,0.044134899973869324,0.08653800003230572,541.6131151631067,0.3675264903923359,3.5887763276930174,True
938,100.39689673770545,0.1500119095349286,2.181535397412807,115.34842760466134,219.0193840237028,7.530365095502119,354.9795433347993,858,1605,0.041434000013396144,0.10527669987641275,353.87504686338804,0.31211482165840665,3.077454549718147,True
939,126.74336831181138,0.1781248339645385,2.9580721520981723,115.97523820968684,374.91602826629116,11.288070718323876,360.978443264717,835,1554,0.05794860003516078,0.09889600006863475,359.82456838722356,0.3206770684573391,3.11254754753818,True
940,137.84165530056197,0.0930528862451635,2.2609116097645825,64.96269644288182,311.64779877820826,6.4132819352641155,196.44283057919483,914,1709,0.0486266000661999,0.14462710008956492,196.20329970369195,0.1220830005737014,3.0239328312351748,True
941,185.57182198686235,0.29714448660387627,2.100487447087459,78.74945200716998,389.79128261655285,27.570821886216066,264.83102647716214,746,1393,0.03747659991495311,0.10215440019965172,263.63020276642385,0.45549550018827695,3.3629570711558707,True
942,154.12731305535158,0.18831620906332236,2.4960601279107726,130.25581092248774,384.71104073948453,14.512335653849862,407.47112270029277,836,1561,0.04423939995467663,0.1266481000930071,406.0280186006967,0.3554198315105058,3.12823757968671,True
943,70.12470427140684,0.15448198283274012,2.292207574899665,59.976304470095016,160.74037831851766,5.416501680703225,184.84692902097208,829,1546,0.040805500000715256,0.09248970006592572,184.29999596811382,0.2967623791770949,3.0819993104633383,True
944,135.64137583967533,0.4608147834465424,2.0042419789168497,140.00572504892114,271.8581395359151,31.25277561697553,572.1671763895775,659,1226,0.034390800166875124,0.06967330002225935,567.3957316703734,0.8409377182231119,4.086741282827181,True
945,148.4681035345624,0.4118737478969337,2.8020670199733506,115.8160716665297,416.01757643218616,30.575057122965102,439.6542634128002,697,1292,0.032332400092855096,0.07638179999776185,438.11928243921574,0.3503568628704315,3.7961420818925795,True
946,157.3665264337347,0.37853246379854166,2.649039773995477,113.58081764234716,416.87018761847384,29.784169485189963,413.86435985978375,725,1348,0.03346629999577999,0.07973939995281398,412.4282720177562,0.348203054800688,3.643787467378468,True
947,195.61113940842225,0.3606358349114821,2.965778441500614,66.75128440570484,580.1393001748698,35.272193289271335,238.29971086818483,745,1385,0.035130799980834126,0.0856738998554647,237.56398140659428,0.3096973948804721,3.5699644282472978,True
948,109.55673925159934,0.19933091524358099,2.6064376705055823,104.05203649005438,285.5528122431261,10.919022553061826,327.241975176408,827,1543,0.038320699939504266,0.09233420016244054,326.1123191320807,0.3464009109909695,3.144983858222581,True
949,62.84915234364658,0.3601497377881498,2.302584718586261,99.90897639256383,144.71549776258053,11.317552868385897,356.6954535448462,723,1347,0.03438189998269081,0.07941709994338453,355.3827587402447,0.3693749267000814,3.570204264162543,True
950,99.61781870199405,0.09670701657827643,2.247687612187798,109.52326897152793,223.90973704964196,4.816871022352737,331.5973570187127,903,1688,0.049854000099003315,0.10946669988334179,331.027950757688,0.17201153549765189,3.027642985208157,True
951,155.61717977399047,0.4238791485761007,2.8863339004464326,196.4555621875291,449.16314147353563,32.98143883320654,757.5120179898036,705,1308,0.03285009996034205,0.0745749999769032,755.0831968800325,0.3216627147587001,3.8558949899657766,True
952,77.78900429048427,0.16664082426887122,2.6854322438831586,54.779366547876016,208.89710034123183,6.481411897010529,169.68946637214003,849,1583,0.0392493000254035,0.09746759990230203,169.1295107049391,0.33108099518943745,3.0976894598413254,True
953,85.12102994535047,0.3708222822225886,2.337569115102589,132.7414612056579,198.97629064597388,15.782387294736084,479.50833775238266,716,1333,0.03333670017309487,0.07677499996498227,477.77497070395,0.3627998858706963,3.6123478933946247,True
954,95.64010606668919,0.07192407833672235,2.3523141695523764,98.92385832990519,224.97557667816517,3.4394132404364934,297.9665585175147,932,1741,0.04666039999574423,0.10956409992650151,297.7323852161446,0.07865227734635025,3.012079831377118,True
955,66.33240762103614,0.4065675115568941,2.307461655200667,195.94533737299878,153.0594870826814,13.48430095103111,739.1070387825113,698,1298,0.03315789997577667,0.07997739990241826,736.1938939155132,0.39570348125332494,3.7720062579267073,True
956,169.7987892401831,0.39670475767718966,2.180729258949336,67.50082369417198,370.285187830239,33.67999376970352,251.63665917730225,695,1294,0.03725789999589324,0.09136110008694232,250.49073233719895,0.4574727493553361,3.727905015165445,True
957,167.24901504989424,0.11001903698969726,2.2985240875653425,194.95686173904375,384.4258897137604,9.200287786632373,592.2598909378137,887,1658,0.04149680002592504,0.1416385001502931,590.9957280104886,0.21390390275420476,3.037902260298862,True
958,68.762076074502,0.06508841797705865,2.9777096907432923,119.83402200491125,204.7535002826721,2.2378073742537454,360.5714270287773,967,1803,0.04531889990903437,0.12063460005447268,360.35088007357433,0.061203390195115566,3.008923684577655,True
959,122.9040170874587,0.47748202613371105,2.205204972592704,110.7075530688708,271.0285496328826,29.34222954944601,463.0804396204441,652,1210,0.032022600062191486,0.07149740005843341,460.47767286314854,0.5652319125729028,4.1829164025724905,True
960,182.26444162891946,0.07491077360839397,2.0693473719508586,104.50878066256163,377.16844328489515,6.826785161862162,315.00384400929613,932,1744,0.04380189999938011,0.1031350998673588,314.67379143897824,0.10488721313859187,3.0141375874088685,True
961,93.74572574267026,0.1541712451267871,2.7242676808844846,57.994182600314815,255.38845086181723,7.226447631530886,178.69594234707714,857,1598,0.041147900046780705,0.09578799991868436,178.18865065933684,0.2846936019006833,3.0812735749483107,True
962,191.70692253918105,0.38422251237236593,2.891575982901843,81.00834531043051,554.3351329703199,36.829057708589346,297.1168109279144,718,1332,0.033351700054481626,0.08779719984158874,296.1180458014951,0.33728613996352996,3.6677308959878,True
963,97.0486559661498,0.11057406772373227,2.9853961354390615,121.21701649358974,289.7286824708986,5.36553232864912,368.30085298287486,916,1708,0.04321919986978173,0.11962400004267693,367.5088296265515,0.2155113816253517,3.038359329709716,True
964,191.48739913877725,0.3724531086394528,2.1892937558883165,183.33778362781388,419.2221672658188,35.66003853726063,664.0101548853027,702,1307,0.053376000141724944,0.08577420003712177,661.103458799431,0.4396734046967839,3.62178565566867,True
965,193.9142048448226,0.2146873012105202,2.692324090008184,141.14844348845045,522.0798850984976,20.815458652259473,447.5793971533181,805,1500,0.03756299987435341,0.09387780004180968,446.02780305992417,0.3478693666066088,3.170983583605309,True
966,69.52710460602518,0.2874541441034294,2.1634361941019824,60.31139186364581,150.41745457578952,9.992927173257286,201.14752931182537,741,1381,0.03806399996392429,0.10771759995259345,200.29312489340688,0.4265770075099604,3.335149846426808,True
967,108.91318423194737,0.43318983094244,2.2016293717384943,139.81944659763798,239.78646537462117,23.590041932420053,547.0011657766152,672,1249,0.03408330003730953,0.0735185001976788,544.3078232575427,0.49481973324459166,3.9121966156162418,True
968,147.48438701184398,0.4652960543897195,2.2930009599824945,148.48815339097143,338.181841000588,34.3119516803487,608.6946479120201,665,1236,0.031889399979263544,0.07822289993055165,605.9137247536636,0.45896355285351337,4.099280878719788,True
969,175.35972984089773,0.0765711820442183,2.1479800200757704,98.83721208116683,376.66919602413316,6.71375089843616,297.99649483553515,923,1726,0.044922699918970466,0.1112987999804318,297.6695143261406,0.1098468246352914,3.015023274744084,True
970,164.4795531379641,0.30203843034003275,2.274287113708568,192.58045613676498,374.0737281702154,24.839573026410342,649.7042584528934,744,1387,0.035018700174987316,0.08668590011075139,647.4021603354929,0.3555901197808103,3.373677015239244,True
971,92.20357811454222,0.4882823062776351,2.338013107797462,97.57259126724374,215.57317421762693,22.51068788440938,415.11643239965497,657,1219,0.0313554999884218,0.07371870009228587,413.03899575445416,0.5029638040365109,4.254436896758059,True
972,153.3899497976023,0.06293535240915611,2.8248575419277158,88.1505027080941,433.30475654167054,4.826825273267432,265.17997864449814,994,1857,0.04622800019569695,0.12198850000277162,265.00970136497165,0.0642532249383511,3.0082639406224163,True
973,195.72777967868194,0.20141457441766503,2.0850753808215168,58.756987864002014,408.1071747508777,19.711213722848115,185.10496336795856,804,1502,0.049881699960678816,0.1074607998598367,184.3491159501092,0.4100087022136431,3.150348070877962,True
974,161.31645106308537,0.306319970049612,2.308866504164908,101.87115289395865,372.4581504303154,24.707225229077004,345.0072171311628,750,1399,0.04190279985778034,0.13392949989065528,343.7412824778854,0.36828123877114693,3.3867018025239513,True
975,173.51993099017068,0.14233536889645487,2.424295126532028,133.32044824735837,420.6635230556446,12.349011694186668,409.0721502696195,855,1596,0.10555520001798868,0.14878430007956922,407.9254141817692,0.2811141566529873,3.068337645479863,True
976,159.06758850329214,0.3961991775693541,2.9991870946523043,190.26781501764924,477.07345861653704,31.511223871472396,707.9695719116129,722,1340,0.050961999921128154,0.0894865000154823,705.6303050379065,0.33151451362065765,3.720910821653897,True
977,135.1034177280511,0.17158105169518112,2.222488694046587,66.87882048662182,300.2658184276468,11.590593250696193,207.6072193606904,821,1533,0.04105779994279146,0.09643400018103421,206.91056679186144,0.33669260088091757,3.1042296776483873,True
978,138.4188395402129,0.1816761317286809,2.9376040873209592,143.10426329820726,406.61974879555345,12.573699663019433,446.25630888565667,842,1568,0.04085789993405342,0.09614829998463392,444.7035779582277,0.3491608802785077,3.1183998198273604,True
979,68.04738175803875,0.33550481748483973,2.8253395388546894,179.68542465348358,192.2569581965262,11.415112198526002,625.1426435385432,743,1381,0.03496239986270666,0.07732899999246001,623.0413273921959,0.33726753811703547,3.479094894558681,True
980,182.1895027791363,0.05545992107191376,2.497653999132762,103.56155848702397,455.0463402163192,5.052107722131056,311.2096267938566,976,1822,0.04534050007350743,0.10827800002880394,311.0998531251812,0.035285670363606705,3.0050689786872073,True
981,158.39097053337628,0.3867979741356937,2.1684633849064707,195.37570282281095,343.4650201014262,30.63265326184815,719.8922790667052,699,1301,0.03361859987489879,0.07626029988750815,716.3636792429006,0.4925710119102981,3.6846561198020917,True
982,99.18056080585488,0.14544052827218715,2.660468571827828,110.96208359241285,263.8667649602358,7.212436578967656,340.91131476252093,858,1600,0.04553460003808141,0.1035474999807775,339.8727371876932,0.30557837131084487,3.0723225783571273,True
983,184.8085767189383,0.20478378879192366,2.9895029093381935,114.01046755059845,552.4857777719168,18.92290027087354,359.64309348935626,827,1539,0.039322399999946356,0.09302959986962378,358.33632383855746,0.36467685910277475,3.15447433219011,True
984,176.29202365474708,0.1464579042803658,2.634502302870526,50.58601726809988,464.4417422961364,12.909680162909467,155.4834599988554,867,1618,0.0419465999584645,0.09993360005319118,154.99756999139512,0.31348233877941384,3.0736450188361646,True
985,187.38977422153334,0.2618664540369722,2.884809114853428,178.60875488645428,540.5837287046053,24.53554784909088,582.8426399751198,802,1494,0.04214939987286925,0.09406379982829094,581.6714751053199,0.2013447315063609,3.26323667809927,True
986,105.19510597503363,0.26965322625952637,2.931790239339387,179.28633028318603,308.409984923876,14.183099856440299,589.238467187426,796,1483,0.03754859999753535,0.09529299987480044,587.2191161463687,0.3438837370127263,3.2865777678460653,True
987,111.11739555770964,0.16641710259076548,2.678574577370166,71.00614604239813,297.6362308444657,9.245917508073017,219.93459310045472,850,1585,0.04038090002723038,0.09384070010855794,219.20917001666172,0.3309273438414395,3.0974022019041936,True
988,126.50778830931792,0.3988782873998308,2.7499310610482675,105.11099898118829,347.8876965363122,25.230604971780533,392.3538332514968,715,1328,0.033031499944627285,0.07676360011100769,391.11081890796515,0.31781640482416024,3.73275715248141,True
989,182.5015290890941,0.14182388769720922,2.85189399750748,83.24060490453644,520.4750153451242,12.941538183050321,255.3520355998719,870,1622,0.040969699854031205,0.09406289993785322,254.65078494450478,0.27537737828687237,3.067637914125198,True
990,129.9558248555736,0.2636916223518928,2.044305201688751,137.40892274534596,265.66936874200144,17.13413114512232,450.220558210679,745,1390,0.03518830006942153,0.08058900013566017,448.08719483124224,0.4761045180593017,3.2765016216963825,True
991,185.81171878756246,0.40635933850548434,2.1695020324412213,61.07627482045219,403.1189015610134,37.75316356654048,230.55248885916444,686,1276,0.03292610007338226,0.07323239999823272,229.41114717916713,0.49750925098070214,3.774828925584062,True
992,126.99950734069887,0.3887854960000535,2.13004615011005,149.12825262002042,270.5148116769286,24.687783226608023,550.7500242069194,693,1291,0.0330162001773715,0.07755349995568395,548.0950068597124,0.4844082346998283,3.6931300040793302,True
993,93.10693579846091,0.16961135907860647,2.6719236381965272,170.5696537071737,248.77462263995415,7.8959969602107565,528.885237742875,846,1578,0.03960269992239773,0.09478290006518364,527.2740651779633,0.3055664352404532,3.100699486972292,True
994,168.21233162496532,0.05713727117759556,2.4145065158422367,67.75222767184137,406.1497707534939,4.8055968037356385,203.65073249188353,982,1836,0.04638630012050271,0.1128634000197053,203.56103335355778,0.04406498476059538,3.005816037197596,True
995,80.56777242588996,0.45750154161924306,2.4904187529771464,145.81486614856834,200.6474913350314,18.4299400448365,590.5384134133508,679,1260,0.032314299838617444,0.07599740009754896,587.9851578954386,0.43423808979310663,4.049919113265592,True
996,113.42790902238775,0.14716767430861988,2.343779868919767,161.97998706111218,265.8500497403352,8.346460786257264,497.9608307744504,855,1597,0.04055709997192025,0.0961356998886913,496.43577143434356,0.3072017424732552,3.074212066621407,True
997,189.64133809495044,0.37535168072167735,2.134020378318876,104.83653704205494,404.698480066284,35.59109749412375,381.18387575642635,699,1301,0.03337899991311133,0.08003149996511638,379.2841793456015,0.5008636041984373,3.635983088639367,True
998,199.28870474702197,0.4499043919532378,2.191762285624629,98.74788101376352,436.79346701550475,44.83043176617863,395.9598529097494,679,1263,0.03843840002082288,0.07379079982638359,393.72050391260507,0.5687661615005393,4.0098060722392646,True
999,183.32666729455963,0.4840460636292279,2.5006603375361958,122.27294694175482,458.43772571619934,44.369275831098356,516.3074224264758,654,1211,0.031428700080141425,0.06654979987069964,514.0081804345979,0.4473162255771676,4.222580998824055,True
